CREATE DATABASE  IF NOT EXISTS `webvietnhat` /*!40100 DEFAULT CHARACTER SET utf8mb4 */;
USE `webvietnhat`;
-- MySQL dump 10.13  Distrib 5.6.24, for Win64 (x86_64)
--
-- Host: localhost    Database: webvietnhat
-- ------------------------------------------------------
-- Server version	5.6.26-log

/*!40101 SET @OLD_CHARACTER_SET_CLIENT=@@CHARACTER_SET_CLIENT */;
/*!40101 SET @OLD_CHARACTER_SET_RESULTS=@@CHARACTER_SET_RESULTS */;
/*!40101 SET @OLD_COLLATION_CONNECTION=@@COLLATION_CONNECTION */;
/*!40101 SET NAMES utf8 */;
/*!40103 SET @OLD_TIME_ZONE=@@TIME_ZONE */;
/*!40103 SET TIME_ZONE='+00:00' */;
/*!40014 SET @OLD_UNIQUE_CHECKS=@@UNIQUE_CHECKS, UNIQUE_CHECKS=0 */;
/*!40014 SET @OLD_FOREIGN_KEY_CHECKS=@@FOREIGN_KEY_CHECKS, FOREIGN_KEY_CHECKS=0 */;
/*!40101 SET @OLD_SQL_MODE=@@SQL_MODE, SQL_MODE='NO_AUTO_VALUE_ON_ZERO' */;
/*!40111 SET @OLD_SQL_NOTES=@@SQL_NOTES, SQL_NOTES=0 */;

--
-- Table structure for table `baiviet`
--

DROP TABLE IF EXISTS `baiviet`;
/*!40101 SET @saved_cs_client     = @@character_set_client */;
/*!40101 SET character_set_client = utf8 */;
CREATE TABLE `baiviet` (
  `IdBaiViet` varchar(10) COLLATE utf8_unicode_ci NOT NULL,
  `TenBaiVietVi` text COLLATE utf8_unicode_ci,
  `TenBaiVietJa` text COLLATE utf8_unicode_ci,
  `IdDanhMuc` varchar(10) COLLATE utf8_unicode_ci NOT NULL,
  `IdTaiKhoan` varchar(10) COLLATE utf8_unicode_ci NOT NULL,
  `NoiDungVi` longtext COLLATE utf8_unicode_ci,
  `NoiDungJa` longtext COLLATE utf8_unicode_ci,
  `TrangThai` tinytext COLLATE utf8_unicode_ci NOT NULL,
  `GhiChu` text COLLATE utf8_unicode_ci,
  `MotaVi` longtext COLLATE utf8_unicode_ci,
  `MotaJa` longtext COLLATE utf8_unicode_ci,
  `LuotXem` int(11) DEFAULT NULL,
  `Lienket` longtext COLLATE utf8_unicode_ci,
  `NgayDang` date DEFAULT NULL,
  `CoXoa` int(11) NOT NULL,
  `GimTrangChu` int(11) DEFAULT NULL,
  PRIMARY KEY (`IdBaiViet`)
) ENGINE=InnoDB DEFAULT CHARSET=utf8 COLLATE=utf8_unicode_ci;
/*!40101 SET character_set_client = @saved_cs_client */;

--
-- Dumping data for table `baiviet`
--

LOCK TABLES `baiviet` WRITE;
/*!40000 ALTER TABLE `baiviet` DISABLE KEYS */;
INSERT INTO `baiviet` VALUES ('BV00000000','Nghi phạm vụ thảm sát tại Yên Bái bị bắt khi chưa kịp chống trả','桜島 火山性地震が急増 警戒レベル4に chi đây','DM01','TK01','<p>Sau khi tạo ra những con virius giả, công ty này chèn chúng vào các chương trình hoàn toàn bình thường. Tiếp đó Kaspersky gửi những đoạn mã độc giả này cho các đối thủ của mình để phần mềm antivirus của họ tìm diệt. Hành động này đã làm giảm hiệu quả diệt virus của các công ty đối thủ cạnh tranh.</p>','<p>鹿児島県の桜島では、１５日朝から島内を震源とする火山性地震が多発していて、体に揺れを感じる地震も相次いでいます。気象庁は今後、規模の大きな噴火が発生する可能性が非常に高くなっているとして、桜島に噴火警報を発表し、噴火警戒レベルをレベル３からレベル４の「避難準備」に引き上げ、昭和火口と南岳山頂火口からおおむね３キロの範囲にある、鹿児島市の有村町や古里町では、避難の準備が必要だとして厳重な警戒を呼びかけています。uh th&igrave; b&oacute; lun</p>\r\n','OK','<strong>TK01</strong> <p>Them nữa này</p><strong>Admin</strong><p>Bài đang dịch được một phần</p><strong>[object Object]</strong> <p>Vân tôi sẽ tiếp tục dịch</p><strong>[object Object]</strong> <p>Ồ lỗi nữa không?</p><strong>TK01</strong> <p>Vân check hết rồi</p><strong>TK01</strong> <p>Tôi không dịch được nữa</p>','Bỏ vỏ có thể loại trừ thuốc nông nghiệp? Điểm lại những quan niệm sai lầm khi iểm lại những quan niệm sai lầm iểm lại những quan niệm sai lầm ăn trái cây','削果皮就可去农药？盘点吃水果皮就可去农药？盘点吃水果的7个错误皮就可去农药？盘点吃水果的7个错误的7个错误盘点吃水果的7个错误的7个错盘点吃水果的7个错误的7个错盘点吃水果的7个错误的7个错观念 bó tay lun',262,'images/logoctv.jpg','2015-08-20',0,1),('BV00000001','Nghi phạm vụ thảm sát tại Yên Bái bị bắt khi chưa kịp chống trả','桜島 火山性地震が急増 警戒レベル4に','DM01','TK01','<p>Sau khi tạo ra những con virius giả, c&ocirc;ng ty n&agrave;y ch&egrave;n ch&uacute;ng v&agrave;o c&aacute;c chương tr&igrave;nh ho&agrave;n to&agrave;n b&igrave;nh thường. Tiếp đ&oacute; Kaspersky gửi những đoạn m&atilde; độc giả n&agrave;y cho c&aacute;c đối thủ của m&igrave;nh để phần mềm antivirus của họ t&igrave;m diệt. H&agrave;nh động n&agrave;y đ&atilde; l&agrave;m giảm hiệu quả diệt virus của c&aacute;c c&ocirc;ng ty đối thủ cạnh tranh.</p>\r\n','<p>鹿児島県の桜島では、１５日朝から島内を震源とする火山性地震が多発していて、体に揺れを感じる地震も相次いでいます。気象庁は今後、規模の大きな噴火が発生する可能性が非常に高くなっているとして、桜島に噴火警報を発表し、噴火警戒レベルをレベル３からレベル４の「避難準備」に引き上げ、昭和火口と南岳山頂火口からおおむね３キロの範囲にある、鹿児島市の有村町や古里町では、避難の準備が必要だとして厳重な警戒を呼びかけています。</p>','OK','<strong>Tôi</strong> <p>Them nữa này</p><strong>Tôi</strong> <p>Bài đang dịch được một phần</p>','Bỏ vỏ có thể loại trừ thuốc nông nghiệp? Điểm lại những quan niệm sai lầm khi ăn trái cây','削果皮就可去农药？盘点吃水果的7个错误观念',7,'images/logoctv.jpg','2015-08-20',0,0),('BV00000002','Nghi phạm vụ thảm sát tại Yên Bái bị bắt khi chưa kịp chống trả','桜島 火山性地震が急増 警戒レベル4に','DM01','TK01','<p>Sau khi tạo ra những con virius giả, công ty này chèn chúng vào các chương trình hoàn toàn bình thường. Tiếp đó Kaspersky gửi những đoạn mã độc giả này cho các đối thủ của mình để phần mềm antivirus của họ tìm diệt. Hành động này đã làm giảm hiệu quả diệt virus của các công ty đối thủ cạnh tranh.</p>','<p>鹿児島県の桜島では、１５日朝から島内を震源とする火山性地震が多発していて、体に揺れを感じる地震も相次いでいます。気象庁は今後、規模の大きな噴火が発生する可能性が非常に高くなっているとして、桜島に噴火警報を発表し、噴火警戒レベルをレベル３からレベル４の「避難準備」に引き上げ、昭和火口と南岳山頂火口からおおむね３キロの範囲にある、鹿児島市の有村町や古里町では、避難の準備が必要だとして厳重な警戒を呼びかけています。</p>','OK','<strong>Tôi</strong> <p>Them nữa này</p><strong>Tôi</strong> <p>Bài đang dịch được một phần</p>','Bỏ vỏ có thể loại trừ thuốc nông nghiệp? Điểm lại những quan niệm sai lầm khi ăn trái cây','削果皮就可去农药？盘点吃水果的7个错误观念',4,'images/logoctv.jpg','2015-08-25',0,1),('BV00000003','Nghi phạm vụ thảm sát tại Yên Bái bị bắt khi chưa kịp chống trả','桜島 火山性地震が急増 警戒レベル4に','DM01','TK01','<p>Sau khi tạo ra những con virius giả, công ty này chèn chúng vào các chương trình hoàn toàn bình thường. Tiếp đó Kaspersky gửi những đoạn mã độc giả này cho các đối thủ của mình để phần mềm antivirus của họ tìm diệt. Hành động này đã làm giảm hiệu quả diệt virus của các công ty đối thủ cạnh tranh.</p>','<p>鹿児島県の桜島では、１５日朝から島内を震源とする火山性地震が多発していて、体に揺れを感じる地震も相次いでいます。気象庁は今後、規模の大きな噴火が発生する可能性が非常に高くなっているとして、桜島に噴火警報を発表し、噴火警戒レベルをレベル３からレベル４の「避難準備」に引き上げ、昭和火口と南岳山頂火口からおおむね３キロの範囲にある、鹿児島市の有村町や古里町では、避難の準備が必要だとして厳重な警戒を呼びかけています。</p>','OK','<strong>Tôi</strong> <p>Them nữa này</p><strong>Tôi</strong> <p>Bài đang dịch được một phần</p>','Bỏ vỏ có thể loại trừ thuốc nông nghiệp? Điểm lại những quan niệm sai lầm khi ăn trái cây','削果皮就可去农药？盘点吃水果的7个错误观念',10,'images/logoctv.jpg','2015-08-20',0,0),('BV00000004','Hôm nay, tòa xét xử nhà báo Hoàng Khương 1',NULL,'DM09','TK01','<p>Nh&agrave; b&aacute;o Ho&agrave;ng Khương bị Viện KSND TP.HCM truy tố trước t&ograve;a về tội &ldquo;đưa hối lộ&rdquo; v&igrave; bị cho rằng nh&agrave; b&aacute;o đồng phạm với chủ xe đưa hối lộ cho cảnh s&aacute;t giao th&ocirc;ng (CSGT) khi thu thập th&ocirc;ng tin để viết b&agrave;i đăng tr&ecirc;n b&aacute;o&nbsp;<em>Tuổi Trẻ.</em></p>\r\n\r\n<p><a href=\"http://tuoitre.vn/Chinh-tri-xa-hoi/Phap-luat/507707/Doi-ngay-xet-xu-nha-bao-Hoang-Khuong.html\">Dời ng&agrave;y x&eacute;t xử nh&agrave; b&aacute;o Ho&agrave;ng Khương</a></p>\r\n\r\n<table border=\"0\" cellpadding=\"0\" cellspacing=\"0\">\r\n	<tbody>\r\n		<tr>\r\n			<td><img alt=\"\" src=\"http://static.new.tuoitre.vn/tto/i/s626/2012/09/06/zrHnVa61.jpg\" />Ph&oacute;ng to</td>\r\n		</tr>\r\n		<tr>\r\n			<td>Loạt b&agrave;i li&ecirc;n quan đến vụ cảnh s&aacute;t giao th&ocirc;ng Thanh H&oacute;a m&atilde;i lộ đăng tr&ecirc;n Tuổi Trẻ</td>\r\n		</tr>\r\n	</tbody>\r\n</table>\r\n\r\n<p>Phi&ecirc;n t&ograve;a dự kiến diễn ra trong hai ng&agrave;y. Luật sư Phan Trung Ho&agrave;i (Đo&agrave;n luật sư TP.HCM) l&agrave; người bảo vệ quyền lợi cho nh&agrave; b&aacute;o Ho&agrave;ng Khương tại phi&ecirc;n t&ograve;a. Mặc d&ugrave; vụ &aacute;n được x&eacute;t xử c&ocirc;ng khai nhưng theo TAND TP.HCM, chỉ những người c&oacute; giấy mời, giấy triệu tập của t&ograve;a mới được v&agrave;o ph&ograve;ng xử. C&aacute;c ph&oacute;ng vi&ecirc;n muốn tham dự phi&ecirc;n t&ograve;a phải đăng k&yacute; để văn ph&ograve;ng t&ograve;a &aacute;n cấp thẻ tham dự phi&ecirc;n t&ograve;a.</p>\r\n\r\n<p>Ban bi&ecirc;n tập b&aacute;o Tuổi Trẻ cũng kh&ocirc;ng nhận được giấy mời, giấy triệu tập tham dự phi&ecirc;n t&ograve;a d&ugrave; trước đ&oacute; luật sư Phan Trung Ho&agrave;i đ&atilde; nhiều lần gửi kiến nghị hội đồng x&eacute;t xử cần mời đại diện ban bi&ecirc;n tập b&aacute;o Tuổi Trẻ tới tham dự phi&ecirc;n t&ograve;a với tư c&aacute;ch người c&oacute; quyền v&agrave; nghĩa vụ li&ecirc;n quan.</p>\r\n\r\n<p>Th&aacute;ng 7-2011, nh&agrave; b&aacute;o Ho&agrave;ng Khương c&ugrave;ng một số đồng nghiệp tại b&aacute;o Tuổi Trẻ được ph&acirc;n c&ocirc;ng thực hiện tuyến b&agrave;i &ldquo;Chặn đứng thảm họa giao th&ocirc;ng&rdquo;. Trong qu&aacute; tr&igrave;nh t&aacute;c nghiệp, Ho&agrave;ng Khương đ&atilde; ph&aacute;t hiện đường d&acirc;y ti&ecirc;u cực trong giải quyết xe vi phạm giao th&ocirc;ng. Từ c&aacute;c tư liệu thu thập được, Ho&agrave;ng Khương viết hai b&agrave;i điều tra &ldquo;Đồng tiền x&oacute;a sạch hồ sơ&rdquo; v&agrave; &ldquo;CSGT giải cứu xe đua tr&aacute;i ph&eacute;p&rdquo;. Sau khi hai b&agrave;i b&aacute;o tr&ecirc;n được đăng tr&ecirc;n Tuổi Trẻ, cơ quan điều tra đ&atilde; khởi tố, bắt giam CSGT Huỳnh Minh Đức v&igrave; nhận tiền hối lộ của hai chủ xe vi phạm để trả xe kh&ocirc;ng đ&uacute;ng quy định (tổng cộng 18 triệu đồng).</p>\r\n\r\n<p>Tuy nhi&ecirc;n, cơ quan điều tra cũng đ&atilde; khởi tố, bắt giam Ho&agrave;ng Khương v&igrave; cho rằng nh&agrave; b&aacute;o Ho&agrave;ng Khương c&oacute; li&ecirc;n quan. Viện KSND TP.HCM ra c&aacute;o trạng nhận định rằng việc l&agrave;m của nh&agrave; b&aacute;o Ho&agrave;ng Khương l&agrave; &ldquo;vượt qu&aacute; mục đ&iacute;ch t&aacute;c nghiệp b&aacute;o ch&iacute; đơn thuần&rdquo;, l&agrave; phạm v&agrave;o tội đưa hối lộ. Nh&agrave; b&aacute;o Ho&agrave;ng Khương đ&atilde; nhiều lần gửi khiếu nại rằng bản kết luận điều tra v&agrave; c&aacute;o trạng c&aacute;o buộc qu&aacute; nặng nề. Ban bi&ecirc;n tập b&aacute;o Tuổi Trẻ cũng đ&atilde; nhiều lần kiến nghị c&aacute;c cơ quan tố tụng xem x&eacute;t lại vụ việc.</p>\r\n\r\n<p>Cũng trong th&aacute;ng 7-2011, nh&agrave; b&aacute;o Ho&agrave;ng Khương đ&atilde; thực hiện loạt b&agrave;i điều tra &ldquo;Nhức nhối nạn m&atilde;i lộ&rdquo; về vụ nhận tiền trắng trợn của tổ tuần tra giao th&ocirc;ng tr&ecirc;n quốc lộ 1A của Ph&ograve;ng CSGT C&ocirc;ng an tỉnh Thanh H&oacute;a v&agrave;o đ&ecirc;m 31-7-2011. Loạt b&agrave;i tr&ecirc;n đ&atilde; g&acirc;y sự quan t&acirc;m đặc biệt của bạn đọc. Từ c&aacute;c chứng cứ do nh&agrave; b&aacute;o Ho&agrave;ng Khương thu thập, Cơ quan cảnh s&aacute;t điều tra Bộ C&ocirc;ng an đ&atilde; khởi tố vụ &aacute;n, khởi tố c&aacute;c bị can. Th&aacute;ng 8-2012, Viện KSND tối cao đ&atilde; ra c&aacute;o trạng truy tố nh&oacute;m CSGT tham gia m&atilde;i lộ đ&ecirc;m 31-7-2011 m&agrave; b&agrave;i viết của Ho&agrave;ng Khương đ&atilde; phản &aacute;nh.</p>\r\n\r\n<p>Khi thực hiện tuyến b&agrave;i điều tra tr&ecirc;n, nh&agrave; b&aacute;o Ho&agrave;ng Khương đ&atilde; thu&ecirc; &ocirc;t&ocirc;, nhập vai để đi c&ugrave;ng với nh&oacute;m c&aacute;c chủ xe, t&agrave;i xế xe chở gỗ đ&atilde; bị tổ tuần tra giao th&ocirc;ng chặn xe &ldquo;l&agrave;m luật&rdquo;. Theo Viện KSND tối cao, chủ xe Nguyễn Xu&acirc;n T&igrave;nh v&agrave; t&agrave;i xế Hồ Tấn Phương (những người c&ugrave;ng đi với Ho&agrave;ng Khương) đ&atilde; c&oacute; h&agrave;nh vi đưa tiền (5 triệu đồng) cho nh&oacute;m CSGT.</p>\r\n\r\n<p>H&agrave;nh vi của anh T&igrave;nh, anh Phương đ&atilde; c&oacute; dấu hiệu của tội &ldquo;đưa hối lộ&rdquo;. Tuy nhi&ecirc;n, c&aacute;o trạng của viện kiểm s&aacute;t cho rằng anh T&igrave;nh, anh Phương đ&atilde; t&iacute;ch cực hợp t&aacute;c, chủ động tố c&aacute;o ti&ecirc;u cực đến c&aacute;c phương tiện th&ocirc;ng tin đại ch&uacute;ng, c&oacute; đơn tố gi&aacute;c v&agrave; phối hợp với cơ quan điều tra l&agrave;m s&aacute;ng tỏ vụ việc n&ecirc;n được miễn tr&aacute;ch nhiệm h&igrave;nh sự.</p>\r\n\r\n<p>Theo cơ quan điều tra v&agrave; Viện KSND tối cao, việc kh&ocirc;ng truy cứu tr&aacute;ch nhiệm h&igrave;nh sự của chủ xe, t&agrave;i xế đ&atilde; đưa tiền m&atilde;i lộ l&agrave; nhằm động vi&ecirc;n, khuyến kh&iacute;ch những người lỡ phạm tội để họ tự tố gi&aacute;c, hợp t&aacute;c với c&aacute;c cơ quan c&oacute; thẩm quyền nhằm ngăn chặn tệ nạn tham nhũng.</p>\r\n',NULL,'Huy','','Hôm nay, tòa xét xử nhà báo Hoàng Khương 1',NULL,19,'images//cua bien.jpg','2015-08-20',0,1),('BV00000005','Tiêu đề bài viết mới bạn có thể thêm ',NULL,'DM02','TK01','<p>nội dung b&agrave;i viết mới ở đ&acirc;y</p>\r\n',NULL,'clientdang','','mô tả cho bài viết mới',NULL,2,'images/danhmuc.png','2015-08-20',1,0),('BV00000008',NULL,'ありがとう　ございます ô ồ','DM09','TK01',NULL,'<p>きてらさい　おますでかつ　いただきます</p>\r\n','MoiPost',NULL,NULL,'Cập nhật này',8,'images/danhmuc.png','2015-08-20',0,1),('BV00000009','Tiêu đề tiếng việt','ごめなさい','DM09','TK01','<p>Nội dung ch&iacute;nh</p>','<p>ありがとございます</p>','MoiPost',NULL,'Mô tả cho nó','あみなきあた',0,'images/danhmuc.png','2015-08-20',0,0),('BV00000010','Tiêu đề tiếng việt','chi chi rứa','DM09','TK01','<p>Nooih dung ch&iacute;nh n&oacute;</p>\r\n','<p>Nụng d&ocirc;i ch&oacute; n&iacute;nh</p>\r\n','MoiPost',NULL,'Mô tả','Ma tổ',1,'images/danhmuc.png','2015-08-25',0,1),('BV00000011','chi nua',NULL,'DM09','TK01','<p>ok ba bi</p>\r\n',NULL,'MoiPost',NULL,'dây he',NULL,0,'images/logoctv.jpg','2015-08-26',0,0),('BV00000012','ádasdasdasd',NULL,'DM09','TK01','<p>&aacute;dasdasdsadasd</p>\r\n',NULL,'MoiPost',NULL,'sadsadsadsads',NULL,0,'images/logoctv.jpg','2015-08-26',0,1),('BV00000013',NULL,'ありがとう　ございます chi đây','DM09','TK01',NULL,'<p>きてらさい　おますでかつ　いただきます</p>\r\n','MoiPost',NULL,NULL,'mo tả nó chưa sao null',0,'images/danhmuc.png','2015-08-27',0,0),('BV00000014','Tiêu đề bài viết ngày 27-08-2015',NULL,'DM09','TK01','<p>Nội dung ch&iacute;nh của n&oacute;</p>\r\n',NULL,'MoiPost',NULL,'Mô tả bài này từ đây',NULL,0,'images/bgtrac.jpg','2015-08-27',0,1),('BV00000015','bài này là chi đây - ngày 27-08-2015',NULL,'DM09','TK01','<p>Ok nội dung n&agrave;y cưng</p>\r\n',NULL,'MoiPost',NULL,'mô tả này cưng',NULL,0,'images/bctrac.jpg','2015-08-27',0,0),('BV00000016','Nghi phạm vụ thảm sát tại Yên Bái bị bắt khi chưa kịp chống trả','桜島 火山性地震が急増 警戒レベル4に chi đây','DM02','TK01','<p>Sau khi tạo ra những con virius giả, công ty này chèn chúng vào các chương trình hoàn toàn bình thường. Tiếp đó Kaspersky gửi những đoạn mã độc giả này cho các đối thủ của mình để phần mềm antivirus của họ tìm diệt. Hành động này đã làm giảm hiệu quả diệt virus của các công ty đối thủ cạnh tranh.</p>','<p>鹿児島県の桜島では、１５日朝から島内を震源とする火山性地震が多発していて、体に揺れを感じる地震も相次いでいます。気象庁は今後、規模の大きな噴火が発生する可能性が非常に高くなっているとして、桜島に噴火警報を発表し、噴火警戒レベルをレベル３からレベル４の「避難準備」に引き上げ、昭和火口と南岳山頂火口からおおむね３キロの範囲にある、鹿児島市の有村町や古里町では、避難の準備が必要だとして厳重な警戒を呼びかけています。uh th&igrave; b&oacute; lun</p>','OK','<strong>TK01</strong> <p>Them nữa này</p><strong>Admin</strong><p>Bài đang dịch được một phần</p><strong>[object Object]</strong> <p>Vân tôi sẽ tiếp tục dịch</p><strong>[object Object]</strong> <p>Ồ lỗi nữa không?</p><strong>TK01</strong> <p>Vân check hết rồi</p><strong>TK01</strong> <p>Tôi không dịch được nữa</p>','Bỏ vỏ có thể loại trừ thuốc nông nghiệp? Điểm lại những quan niệm sai lầm khi iểm lại những quan niệm sai lầm iểm lại những quan niệm sai lầm ăn trái cây','削果皮就可去农药？盘点吃水果皮就可去农药？盘点吃水果的7个错误皮就可去农药？盘点吃水果的7个错误的7个错误盘点吃水果的7个错误的7个错盘点吃水果的7个错误的7个错盘点吃水果的7个错误的7个错观念 bó tay lun',2,'images/logoctv.jpg','2015-09-02',0,1),('BV00000017','Nghi phạm vụ thảm sát tại Yên Bái bị bắt khi chưa kịp chống trả','桜島 火山性地震が急増 警戒レベル4に chi đây','DM02','TK01','<p>Sau khi tạo ra những con virius giả, công ty này chèn chúng vào các chương trình hoàn toàn bình thường. Tiếp đó Kaspersky gửi những đoạn mã độc giả này cho các đối thủ của mình để phần mềm antivirus của họ tìm diệt. Hành động này đã làm giảm hiệu quả diệt virus của các công ty đối thủ cạnh tranh.</p>','<p>鹿児島県の桜島では、１５日朝から島内を震源とする火山性地震が多発していて、体に揺れを感じる地震も相次いでいます。気象庁は今後、規模の大きな噴火が発生する可能性が非常に高くなっているとして、桜島に噴火警報を発表し、噴火警戒レベルをレベル３からレベル４の「避難準備」に引き上げ、昭和火口と南岳山頂火口からおおむね３キロの範囲にある、鹿児島市の有村町や古里町では、避難の準備が必要だとして厳重な警戒を呼びかけています。uh th&igrave; b&oacute; lun</p>','OK','<strong>TK01</strong> <p>Them nữa này</p><strong>Admin</strong><p>Bài đang dịch được một phần</p><strong>[object Object]</strong> <p>Vân tôi sẽ tiếp tục dịch</p><strong>[object Object]</strong> <p>Ồ lỗi nữa không?</p><strong>TK01</strong> <p>Vân check hết rồi</p><strong>TK01</strong> <p>Tôi không dịch được nữa</p>','Bỏ vỏ có thể loại trừ thuốc nông nghiệp? Điểm lại những quan niệm sai lầm khi iểm lại những quan niệm sai lầm iểm lại những quan niệm sai lầm ăn trái cây','削果皮就可去农药？盘点吃水果皮就可去农药？盘点吃水果的7个错误皮就可去农药？盘点吃水果的7个错误的7个错误盘点吃水果的7个错误的7个错盘点吃水果的7个错误的7个错盘点吃水果的7个错误的7个错观念 bó tay lun',0,'images/logoctv.jpg','2015-09-02',0,0),('BV00000018','Nghi phạm vụ thảm sát tại Yên Bái bị bắt khi chưa kịp chống trả','桜島 火山性地震が急増 警戒レベル4に chi đây','DM02','TK01','<p>Sau khi tạo ra những con virius giả, công ty này chèn chúng vào các chương trình hoàn toàn bình thường. Tiếp đó Kaspersky gửi những đoạn mã độc giả này cho các đối thủ của mình để phần mềm antivirus của họ tìm diệt. Hành động này đã làm giảm hiệu quả diệt virus của các công ty đối thủ cạnh tranh.</p>','<p>鹿児島県の桜島では、１５日朝から島内を震源とする火山性地震が多発していて、体に揺れを感じる地震も相次いでいます。気象庁は今後、規模の大きな噴火が発生する可能性が非常に高くなっているとして、桜島に噴火警報を発表し、噴火警戒レベルをレベル３からレベル４の「避難準備」に引き上げ、昭和火口と南岳山頂火口からおおむね３キロの範囲にある、鹿児島市の有村町や古里町では、避難の準備が必要だとして厳重な警戒を呼びかけています。uh th&igrave; b&oacute; lun</p>','OK','<strong>TK01</strong> <p>Them nữa này</p><strong>Admin</strong><p>Bài đang dịch được một phần</p><strong>[object Object]</strong> <p>Vân tôi sẽ tiếp tục dịch</p><strong>[object Object]</strong> <p>Ồ lỗi nữa không?</p><strong>TK01</strong> <p>Vân check hết rồi</p><strong>TK01</strong> <p>Tôi không dịch được nữa</p>','Bỏ vỏ có thể loại trừ thuốc nông nghiệp? Điểm lại những quan niệm sai lầm khi iểm lại những quan niệm sai lầm iểm lại những quan niệm sai lầm ăn trái cây','削果皮就可去农药？盘点吃水果皮就可去农药？盘点吃水果的7个错误皮就可去农药？盘点吃水果的7个错误的7个错误盘点吃水果的7个错误的7个错盘点吃水果的7个错误的7个错盘点吃水果的7个错误的7个错观念 bó tay lun',0,'images/logoctv.jpg','2015-09-02',0,1),('BV00000019','Nghi phạm vụ thảm sát tại Yên Bái bị bắt khi chưa kịp chống trả','桜島 火山性地震が急増 警戒レベル4に chi đây','DM02','TK01','<p>Sau khi tạo ra những con virius giả, công ty này chèn chúng vào các chương trình hoàn toàn bình thường. Tiếp đó Kaspersky gửi những đoạn mã độc giả này cho các đối thủ của mình để phần mềm antivirus của họ tìm diệt. Hành động này đã làm giảm hiệu quả diệt virus của các công ty đối thủ cạnh tranh.</p>','<p>鹿児島県の桜島では、１５日朝から島内を震源とする火山性地震が多発していて、体に揺れを感じる地震も相次いでいます。気象庁は今後、規模の大きな噴火が発生する可能性が非常に高くなっているとして、桜島に噴火警報を発表し、噴火警戒レベルをレベル３からレベル４の「避難準備」に引き上げ、昭和火口と南岳山頂火口からおおむね３キロの範囲にある、鹿児島市の有村町や古里町では、避難の準備が必要だとして厳重な警戒を呼びかけています。uh th&igrave; b&oacute; lun</p>','OK','<strong>TK01</strong> <p>Them nữa này</p><strong>Admin</strong><p>Bài đang dịch được một phần</p><strong>[object Object]</strong> <p>Vân tôi sẽ tiếp tục dịch</p><strong>[object Object]</strong> <p>Ồ lỗi nữa không?</p><strong>TK01</strong> <p>Vân check hết rồi</p><strong>TK01</strong> <p>Tôi không dịch được nữa</p>','Bỏ vỏ có thể loại trừ thuốc nông nghiệp? Điểm lại những quan niệm sai lầm khi iểm lại những quan niệm sai lầm iểm lại những quan niệm sai lầm ăn trái cây','削果皮就可去农药？盘点吃水果皮就可去农药？盘点吃水果的7个错误皮就可去农药？盘点吃水果的7个错误的7个错误盘点吃水果的7个错误的7个错盘点吃水果的7个错误的7个错盘点吃水果的7个错误的7个错观念 bó tay lun',0,'images/logoctv.jpg','2015-09-02',0,0),('BV00000020','Nghi phạm vụ thảm sát tại Yên Bái bị bắt khi chưa kịp chống trả','桜島 火山性地震が急増 警戒レベル4に chi đây','DM03','TK01','<p>Sau khi tạo ra những con virius giả, công ty này chèn chúng vào các chương trình hoàn toàn bình thường. Tiếp đó Kaspersky gửi những đoạn mã độc giả này cho các đối thủ của mình để phần mềm antivirus của họ tìm diệt. Hành động này đã làm giảm hiệu quả diệt virus của các công ty đối thủ cạnh tranh.</p>','<p>鹿児島県の桜島では、１５日朝から島内を震源とする火山性地震が多発していて、体に揺れを感じる地震も相次いでいます。気象庁は今後、規模の大きな噴火が発生する可能性が非常に高くなっているとして、桜島に噴火警報を発表し、噴火警戒レベルをレベル３からレベル４の「避難準備」に引き上げ、昭和火口と南岳山頂火口からおおむね３キロの範囲にある、鹿児島市の有村町や古里町では、避難の準備が必要だとして厳重な警戒を呼びかけています。uh th&igrave; b&oacute; lun</p>','OK','<strong>TK01</strong> <p>Them nữa này</p><strong>Admin</strong><p>Bài đang dịch được một phần</p><strong>[object Object]</strong> <p>Vân tôi sẽ tiếp tục dịch</p><strong>[object Object]</strong> <p>Ồ lỗi nữa không?</p><strong>TK01</strong> <p>Vân check hết rồi</p><strong>TK01</strong> <p>Tôi không dịch được nữa</p>','Bỏ vỏ có thể loại trừ thuốc nông nghiệp? Điểm lại những quan niệm sai lầm khi iểm lại những quan niệm sai lầm iểm lại những quan niệm sai lầm ăn trái cây','削果皮就可去农药？盘点吃水果皮就可去农药？盘点吃水果的7个错误皮就可去农药？盘点吃水果的7个错误的7个错误盘点吃水果的7个错误的7个错盘点吃水果的7个错误的7个错盘点吃水果的7个错误的7个错观念 bó tay lun',1,'images/logoctv.jpg','2015-09-02',0,1),('BV00000021','Nghi phạm vụ thảm sát tại Yên Bái bị bắt khi chưa kịp chống trả','桜島 火山性地震が急増 警戒レベル4に chi đây','DM03','TK01','<p>Sau khi tạo ra những con virius giả, công ty này chèn chúng vào các chương trình hoàn toàn bình thường. Tiếp đó Kaspersky gửi những đoạn mã độc giả này cho các đối thủ của mình để phần mềm antivirus của họ tìm diệt. Hành động này đã làm giảm hiệu quả diệt virus của các công ty đối thủ cạnh tranh.</p>','<p>鹿児島県の桜島では、１５日朝から島内を震源とする火山性地震が多発していて、体に揺れを感じる地震も相次いでいます。気象庁は今後、規模の大きな噴火が発生する可能性が非常に高くなっているとして、桜島に噴火警報を発表し、噴火警戒レベルをレベル３からレベル４の「避難準備」に引き上げ、昭和火口と南岳山頂火口からおおむね３キロの範囲にある、鹿児島市の有村町や古里町では、避難の準備が必要だとして厳重な警戒を呼びかけています。uh th&igrave; b&oacute; lun</p>','OK','<strong>TK01</strong> <p>Them nữa này</p><strong>Admin</strong><p>Bài đang dịch được một phần</p><strong>[object Object]</strong> <p>Vân tôi sẽ tiếp tục dịch</p><strong>[object Object]</strong> <p>Ồ lỗi nữa không?</p><strong>TK01</strong> <p>Vân check hết rồi</p><strong>TK01</strong> <p>Tôi không dịch được nữa</p>','Bỏ vỏ có thể loại trừ thuốc nông nghiệp? Điểm lại những quan niệm sai lầm khi iểm lại những quan niệm sai lầm iểm lại những quan niệm sai lầm ăn trái cây','削果皮就可去农药？盘点吃水果皮就可去农药？盘点吃水果的7个错误皮就可去农药？盘点吃水果的7个错误的7个错误盘点吃水果的7个错误的7个错盘点吃水果的7个错误的7个错盘点吃水果的7个错误的7个错观念 bó tay lun',0,'images/logoctv.jpg','2015-09-02',0,0),('BV00000022','Nghi phạm vụ thảm sát tại Yên Bái bị bắt khi chưa kịp chống trả','桜島 火山性地震が急増 警戒レベル4に chi đây','DM03','TK01','<p>Sau khi tạo ra những con virius giả, công ty này chèn chúng vào các chương trình hoàn toàn bình thường. Tiếp đó Kaspersky gửi những đoạn mã độc giả này cho các đối thủ của mình để phần mềm antivirus của họ tìm diệt. Hành động này đã làm giảm hiệu quả diệt virus của các công ty đối thủ cạnh tranh.</p>','<p>鹿児島県の桜島では、１５日朝から島内を震源とする火山性地震が多発していて、体に揺れを感じる地震も相次いでいます。気象庁は今後、規模の大きな噴火が発生する可能性が非常に高くなっているとして、桜島に噴火警報を発表し、噴火警戒レベルをレベル３からレベル４の「避難準備」に引き上げ、昭和火口と南岳山頂火口からおおむね３キロの範囲にある、鹿児島市の有村町や古里町では、避難の準備が必要だとして厳重な警戒を呼びかけています。uh th&igrave; b&oacute; lun</p>','OK','<strong>TK01</strong> <p>Them nữa này</p><strong>Admin</strong><p>Bài đang dịch được một phần</p><strong>[object Object]</strong> <p>Vân tôi sẽ tiếp tục dịch</p><strong>[object Object]</strong> <p>Ồ lỗi nữa không?</p><strong>TK01</strong> <p>Vân check hết rồi</p><strong>TK01</strong> <p>Tôi không dịch được nữa</p>','Bỏ vỏ có thể loại trừ thuốc nông nghiệp? Điểm lại những quan niệm sai lầm khi iểm lại những quan niệm sai lầm iểm lại những quan niệm sai lầm ăn trái cây','削果皮就可去农药？盘点吃水果皮就可去农药？盘点吃水果的7个错误皮就可去农药？盘点吃水果的7个错误的7个错误盘点吃水果的7个错误的7个错盘点吃水果的7个错误的7个错盘点吃水果的7个错误的7个错观念 bó tay lun',0,'images/logoctv.jpg','2015-09-02',0,1),('BV00000023','Nghi phạm vụ thảm sát tại Yên Bái bị bắt khi chưa kịp chống trả','桜島 火山性地震が急増 警戒レベル4に chi đây','DM02','TK01','<p>Sau khi tạo ra những con virius giả, công ty này chèn chúng vào các chương trình hoàn toàn bình thường. Tiếp đó Kaspersky gửi những đoạn mã độc giả này cho các đối thủ của mình để phần mềm antivirus của họ tìm diệt. Hành động này đã làm giảm hiệu quả diệt virus của các công ty đối thủ cạnh tranh.</p>','<p>鹿児島県の桜島では、１５日朝から島内を震源とする火山性地震が多発していて、体に揺れを感じる地震も相次いでいます。気象庁は今後、規模の大きな噴火が発生する可能性が非常に高くなっているとして、桜島に噴火警報を発表し、噴火警戒レベルをレベル３からレベル４の「避難準備」に引き上げ、昭和火口と南岳山頂火口からおおむね３キロの範囲にある、鹿児島市の有村町や古里町では、避難の準備が必要だとして厳重な警戒を呼びかけています。uh th&igrave; b&oacute; lun</p>','OK','<strong>TK01</strong> <p>Them nữa này</p><strong>Admin</strong><p>Bài đang dịch được một phần</p><strong>[object Object]</strong> <p>Vân tôi sẽ tiếp tục dịch</p><strong>[object Object]</strong> <p>Ồ lỗi nữa không?</p><strong>TK01</strong> <p>Vân check hết rồi</p><strong>TK01</strong> <p>Tôi không dịch được nữa</p>','Bỏ vỏ có thể loại trừ thuốc nông nghiệp? Điểm lại những quan niệm sai lầm khi iểm lại những quan niệm sai lầm iểm lại những quan niệm sai lầm ăn trái cây','削果皮就可去农药？盘点吃水果皮就可去农药？盘点吃水果的7个错误皮就可去农药？盘点吃水果的7个错误的7个错误盘点吃水果的7个错误的7个错盘点吃水果的7个错误的7个错盘点吃水果的7个错误的7个错观念 bó tay lun',0,'images/logoctv.jpg','2015-09-02',0,0),('BV00000024','Nghi phạm vụ thảm sát tại Yên Bái bị bắt khi chưa kịp chống trả','桜島 火山性地震が急増 警戒レベル4に chi đây','DM04','TK01','<p>Sau khi tạo ra những con virius giả, công ty này chèn chúng vào các chương trình hoàn toàn bình thường. Tiếp đó Kaspersky gửi những đoạn mã độc giả này cho các đối thủ của mình để phần mềm antivirus của họ tìm diệt. Hành động này đã làm giảm hiệu quả diệt virus của các công ty đối thủ cạnh tranh.</p>','<p>鹿児島県の桜島では、１５日朝から島内を震源とする火山性地震が多発していて、体に揺れを感じる地震も相次いでいます。気象庁は今後、規模の大きな噴火が発生する可能性が非常に高くなっているとして、桜島に噴火警報を発表し、噴火警戒レベルをレベル３からレベル４の「避難準備」に引き上げ、昭和火口と南岳山頂火口からおおむね３キロの範囲にある、鹿児島市の有村町や古里町では、避難の準備が必要だとして厳重な警戒を呼びかけています。uh th&igrave; b&oacute; lun</p>','OK','<strong>TK01</strong> <p>Them nữa này</p><strong>Admin</strong><p>Bài đang dịch được một phần</p><strong>[object Object]</strong> <p>Vân tôi sẽ tiếp tục dịch</p><strong>[object Object]</strong> <p>Ồ lỗi nữa không?</p><strong>TK01</strong> <p>Vân check hết rồi</p><strong>TK01</strong> <p>Tôi không dịch được nữa</p>','Bỏ vỏ có thể loại trừ thuốc nông nghiệp? Điểm lại những quan niệm sai lầm khi iểm lại những quan niệm sai lầm iểm lại những quan niệm sai lầm ăn trái cây','削果皮就可去农药？盘点吃水果皮就可去农药？盘点吃水果的7个错误皮就可去农药？盘点吃水果的7个错误的7个错误盘点吃水果的7个错误的7个错盘点吃水果的7个错误的7个错盘点吃水果的7个错误的7个错观念 bó tay lun',0,'images/logoctv.jpg','2015-09-02',0,1),('BV00000025','Nghi phạm vụ thảm sát tại Yên Bái bị bắt khi chưa kịp chống trả','桜島 火山性地震が急増 警戒レベル4に chi đây','DM04','TK01','<p>Sau khi tạo ra những con virius giả, công ty này chèn chúng vào các chương trình hoàn toàn bình thường. Tiếp đó Kaspersky gửi những đoạn mã độc giả này cho các đối thủ của mình để phần mềm antivirus của họ tìm diệt. Hành động này đã làm giảm hiệu quả diệt virus của các công ty đối thủ cạnh tranh.</p>','<p>鹿児島県の桜島では、１５日朝から島内を震源とする火山性地震が多発していて、体に揺れを感じる地震も相次いでいます。気象庁は今後、規模の大きな噴火が発生する可能性が非常に高くなっているとして、桜島に噴火警報を発表し、噴火警戒レベルをレベル３からレベル４の「避難準備」に引き上げ、昭和火口と南岳山頂火口からおおむね３キロの範囲にある、鹿児島市の有村町や古里町では、避難の準備が必要だとして厳重な警戒を呼びかけています。uh th&igrave; b&oacute; lun</p>','OK','<strong>TK01</strong> <p>Them nữa này</p><strong>Admin</strong><p>Bài đang dịch được một phần</p><strong>[object Object]</strong> <p>Vân tôi sẽ tiếp tục dịch</p><strong>[object Object]</strong> <p>Ồ lỗi nữa không?</p><strong>TK01</strong> <p>Vân check hết rồi</p><strong>TK01</strong> <p>Tôi không dịch được nữa</p>','Bỏ vỏ có thể loại trừ thuốc nông nghiệp? Điểm lại những quan niệm sai lầm khi iểm lại những quan niệm sai lầm iểm lại những quan niệm sai lầm ăn trái cây','削果皮就可去农药？盘点吃水果皮就可去农药？盘点吃水果的7个错误皮就可去农药？盘点吃水果的7个错误的7个错误盘点吃水果的7个错误的7个错盘点吃水果的7个错误的7个错盘点吃水果的7个错误的7个错观念 bó tay lun',0,'images/logoctv.jpg','2015-09-02',0,0),('BV00000026','Nghi phạm vụ thảm sát tại Yên Bái bị bắt khi chưa kịp chống trả','桜島 火山性地震が急増 警戒レベル4に chi đây','DM05','TK01','<p>Sau khi tạo ra những con virius giả, công ty này chèn chúng vào các chương trình hoàn toàn bình thường. Tiếp đó Kaspersky gửi những đoạn mã độc giả này cho các đối thủ của mình để phần mềm antivirus của họ tìm diệt. Hành động này đã làm giảm hiệu quả diệt virus của các công ty đối thủ cạnh tranh.</p>','<p>鹿児島県の桜島では、１５日朝から島内を震源とする火山性地震が多発していて、体に揺れを感じる地震も相次いでいます。気象庁は今後、規模の大きな噴火が発生する可能性が非常に高くなっているとして、桜島に噴火警報を発表し、噴火警戒レベルをレベル３からレベル４の「避難準備」に引き上げ、昭和火口と南岳山頂火口からおおむね３キロの範囲にある、鹿児島市の有村町や古里町では、避難の準備が必要だとして厳重な警戒を呼びかけています。uh th&igrave; b&oacute; lun</p>','OK','<strong>TK01</strong> <p>Them nữa này</p><strong>Admin</strong><p>Bài đang dịch được một phần</p><strong>[object Object]</strong> <p>Vân tôi sẽ tiếp tục dịch</p><strong>[object Object]</strong> <p>Ồ lỗi nữa không?</p><strong>TK01</strong> <p>Vân check hết rồi</p><strong>TK01</strong> <p>Tôi không dịch được nữa</p>','Bỏ vỏ có thể loại trừ thuốc nông nghiệp? Điểm lại những quan niệm sai lầm khi iểm lại những quan niệm sai lầm iểm lại những quan niệm sai lầm ăn trái cây','削果皮就可去农药？盘点吃水果皮就可去农药？盘点吃水果的7个错误皮就可去农药？盘点吃水果的7个错误的7个错误盘点吃水果的7个错误的7个错盘点吃水果的7个错误的7个错盘点吃水果的7个错误的7个错观念 bó tay lun',0,'images/logoctv.jpg','2015-09-02',0,1),('BV00000027','Nghi phạm vụ thảm sát tại Yên Bái bị bắt khi chưa kịp chống trả','桜島 火山性地震が急増 警戒レベル4に chi đây','DM06','TK01','<p>Sau khi tạo ra những con virius giả, công ty này chèn chúng vào các chương trình hoàn toàn bình thường. Tiếp đó Kaspersky gửi những đoạn mã độc giả này cho các đối thủ của mình để phần mềm antivirus của họ tìm diệt. Hành động này đã làm giảm hiệu quả diệt virus của các công ty đối thủ cạnh tranh.</p>','<p>鹿児島県の桜島では、１５日朝から島内を震源とする火山性地震が多発していて、体に揺れを感じる地震も相次いでいます。気象庁は今後、規模の大きな噴火が発生する可能性が非常に高くなっているとして、桜島に噴火警報を発表し、噴火警戒レベルをレベル３からレベル４の「避難準備」に引き上げ、昭和火口と南岳山頂火口からおおむね３キロの範囲にある、鹿児島市の有村町や古里町では、避難の準備が必要だとして厳重な警戒を呼びかけています。uh th&igrave; b&oacute; lun</p>','OK','<strong>TK01</strong> <p>Them nữa này</p><strong>Admin</strong><p>Bài đang dịch được một phần</p><strong>[object Object]</strong> <p>Vân tôi sẽ tiếp tục dịch</p><strong>[object Object]</strong> <p>Ồ lỗi nữa không?</p><strong>TK01</strong> <p>Vân check hết rồi</p><strong>TK01</strong> <p>Tôi không dịch được nữa</p>','Bỏ vỏ có thể loại trừ thuốc nông nghiệp? Điểm lại những quan niệm sai lầm khi iểm lại những quan niệm sai lầm iểm lại những quan niệm sai lầm ăn trái cây','削果皮就可去农药？盘点吃水果皮就可去农药？盘点吃水果的7个错误皮就可去农药？盘点吃水果的7个错误的7个错误盘点吃水果的7个错误的7个错盘点吃水果的7个错误的7个错盘点吃水果的7个错误的7个错观念 bó tay lun',0,'images/logoctv.jpg','2015-09-02',0,0),('BV00000028','Nghi phạm vụ thảm sát tại Yên Bái bị bắt khi chưa kịp chống trả','桜島 火山性地震が急増 警戒レベル4に chi đây','DM06','TK01','<p>Sau khi tạo ra những con virius giả, công ty này chèn chúng vào các chương trình hoàn toàn bình thường. Tiếp đó Kaspersky gửi những đoạn mã độc giả này cho các đối thủ của mình để phần mềm antivirus của họ tìm diệt. Hành động này đã làm giảm hiệu quả diệt virus của các công ty đối thủ cạnh tranh.</p>','<p>鹿児島県の桜島では、１５日朝から島内を震源とする火山性地震が多発していて、体に揺れを感じる地震も相次いでいます。気象庁は今後、規模の大きな噴火が発生する可能性が非常に高くなっているとして、桜島に噴火警報を発表し、噴火警戒レベルをレベル３からレベル４の「避難準備」に引き上げ、昭和火口と南岳山頂火口からおおむね３キロの範囲にある、鹿児島市の有村町や古里町では、避難の準備が必要だとして厳重な警戒を呼びかけています。uh th&igrave; b&oacute; lun</p>','OK','<strong>TK01</strong> <p>Them nữa này</p><strong>Admin</strong><p>Bài đang dịch được một phần</p><strong>[object Object]</strong> <p>Vân tôi sẽ tiếp tục dịch</p><strong>[object Object]</strong> <p>Ồ lỗi nữa không?</p><strong>TK01</strong> <p>Vân check hết rồi</p><strong>TK01</strong> <p>Tôi không dịch được nữa</p>','Bỏ vỏ có thể loại trừ thuốc nông nghiệp? Điểm lại những quan niệm sai lầm khi iểm lại những quan niệm sai lầm iểm lại những quan niệm sai lầm ăn trái cây','削果皮就可去农药？盘点吃水果皮就可去农药？盘点吃水果的7个错误皮就可去农药？盘点吃水果的7个错误的7个错误盘点吃水果的7个错误的7个错盘点吃水果的7个错误的7个错盘点吃水果的7个错误的7个错观念 bó tay lun',0,'images/logoctv.jpg','2015-09-02',0,1),('BV00000029','Nghi phạm vụ thảm sát tại Yên Bái bị bắt khi chưa kịp chống trả','桜島 火山性地震が急増 警戒レベル4に chi đây','DM06','TK01','<p>Sau khi tạo ra những con virius giả, công ty này chèn chúng vào các chương trình hoàn toàn bình thường. Tiếp đó Kaspersky gửi những đoạn mã độc giả này cho các đối thủ của mình để phần mềm antivirus của họ tìm diệt. Hành động này đã làm giảm hiệu quả diệt virus của các công ty đối thủ cạnh tranh.</p>','<p>鹿児島県の桜島では、１５日朝から島内を震源とする火山性地震が多発していて、体に揺れを感じる地震も相次いでいます。気象庁は今後、規模の大きな噴火が発生する可能性が非常に高くなっているとして、桜島に噴火警報を発表し、噴火警戒レベルをレベル３からレベル４の「避難準備」に引き上げ、昭和火口と南岳山頂火口からおおむね３キロの範囲にある、鹿児島市の有村町や古里町では、避難の準備が必要だとして厳重な警戒を呼びかけています。uh th&igrave; b&oacute; lun</p>','OK','<strong>TK01</strong> <p>Them nữa này</p><strong>Admin</strong><p>Bài đang dịch được một phần</p><strong>[object Object]</strong> <p>Vân tôi sẽ tiếp tục dịch</p><strong>[object Object]</strong> <p>Ồ lỗi nữa không?</p><strong>TK01</strong> <p>Vân check hết rồi</p><strong>TK01</strong> <p>Tôi không dịch được nữa</p>','Bỏ vỏ có thể loại trừ thuốc nông nghiệp? Điểm lại những quan niệm sai lầm khi iểm lại những quan niệm sai lầm iểm lại những quan niệm sai lầm ăn trái cây','削果皮就可去农药？盘点吃水果皮就可去农药？盘点吃水果的7个错误皮就可去农药？盘点吃水果的7个错误的7个错误盘点吃水果的7个错误的7个错盘点吃水果的7个错误的7个错盘点吃水果的7个错误的7个错观念 bó tay lun',0,'images/logoctv.jpg','2015-09-02',0,0),('BV00000030','Nghi phạm vụ thảm sát tại Yên Bái bị bắt khi chưa kịp chống trả','桜島 火山性地震が急増 警戒レベル4に chi đây','DM07','TK01','<p>Sau khi tạo ra những con virius giả, công ty này chèn chúng vào các chương trình hoàn toàn bình thường. Tiếp đó Kaspersky gửi những đoạn mã độc giả này cho các đối thủ của mình để phần mềm antivirus của họ tìm diệt. Hành động này đã làm giảm hiệu quả diệt virus của các công ty đối thủ cạnh tranh.</p>','<p>鹿児島県の桜島では、１５日朝から島内を震源とする火山性地震が多発していて、体に揺れを感じる地震も相次いでいます。気象庁は今後、規模の大きな噴火が発生する可能性が非常に高くなっているとして、桜島に噴火警報を発表し、噴火警戒レベルをレベル３からレベル４の「避難準備」に引き上げ、昭和火口と南岳山頂火口からおおむね３キロの範囲にある、鹿児島市の有村町や古里町では、避難の準備が必要だとして厳重な警戒を呼びかけています。uh th&igrave; b&oacute; lun</p>','OK','<strong>TK01</strong> <p>Them nữa này</p><strong>Admin</strong><p>Bài đang dịch được một phần</p><strong>[object Object]</strong> <p>Vân tôi sẽ tiếp tục dịch</p><strong>[object Object]</strong> <p>Ồ lỗi nữa không?</p><strong>TK01</strong> <p>Vân check hết rồi</p><strong>TK01</strong> <p>Tôi không dịch được nữa</p>','Bỏ vỏ có thể loại trừ thuốc nông nghiệp? Điểm lại những quan niệm sai lầm khi iểm lại những quan niệm sai lầm iểm lại những quan niệm sai lầm ăn trái cây','削果皮就可去农药？盘点吃水果皮就可去农药？盘点吃水果的7个错误皮就可去农药？盘点吃水果的7个错误的7个错误盘点吃水果的7个错误的7个错盘点吃水果的7个错误的7个错盘点吃水果的7个错误的7个错观念 bó tay lun',0,'images/logoctv.jpg','2015-09-02',0,1),('BV00000031','Nghi phạm vụ thảm sát tại Yên Bái bị bắt khi chưa kịp chống trả','桜島 火山性地震が急増 警戒レベル4に chi đây','DM07','TK01','<p>Sau khi tạo ra những con virius giả, công ty này chèn chúng vào các chương trình hoàn toàn bình thường. Tiếp đó Kaspersky gửi những đoạn mã độc giả này cho các đối thủ của mình để phần mềm antivirus của họ tìm diệt. Hành động này đã làm giảm hiệu quả diệt virus của các công ty đối thủ cạnh tranh.</p>','<p>鹿児島県の桜島では、１５日朝から島内を震源とする火山性地震が多発していて、体に揺れを感じる地震も相次いでいます。気象庁は今後、規模の大きな噴火が発生する可能性が非常に高くなっているとして、桜島に噴火警報を発表し、噴火警戒レベルをレベル３からレベル４の「避難準備」に引き上げ、昭和火口と南岳山頂火口からおおむね３キロの範囲にある、鹿児島市の有村町や古里町では、避難の準備が必要だとして厳重な警戒を呼びかけています。uh th&igrave; b&oacute; lun</p>','OK','<strong>TK01</strong> <p>Them nữa này</p><strong>Admin</strong><p>Bài đang dịch được một phần</p><strong>[object Object]</strong> <p>Vân tôi sẽ tiếp tục dịch</p><strong>[object Object]</strong> <p>Ồ lỗi nữa không?</p><strong>TK01</strong> <p>Vân check hết rồi</p><strong>TK01</strong> <p>Tôi không dịch được nữa</p>','Bỏ vỏ có thể loại trừ thuốc nông nghiệp? Điểm lại những quan niệm sai lầm khi iểm lại những quan niệm sai lầm iểm lại những quan niệm sai lầm ăn trái cây','削果皮就可去农药？盘点吃水果皮就可去农药？盘点吃水果的7个错误皮就可去农药？盘点吃水果的7个错误的7个错误盘点吃水果的7个错误的7个错盘点吃水果的7个错误的7个错盘点吃水果的7个错误的7个错观念 bó tay lun',0,'images/logoctv.jpg','2015-09-02',0,0),('BV00000032','Nghi phạm vụ thảm sát tại Yên Bái bị bắt khi chưa kịp chống trả','桜島 火山性地震が急増 警戒レベル4に chi đây','DM07','TK01','<p>Sau khi tạo ra những con virius giả, công ty này chèn chúng vào các chương trình hoàn toàn bình thường. Tiếp đó Kaspersky gửi những đoạn mã độc giả này cho các đối thủ của mình để phần mềm antivirus của họ tìm diệt. Hành động này đã làm giảm hiệu quả diệt virus của các công ty đối thủ cạnh tranh.</p>','<p>鹿児島県の桜島では、１５日朝から島内を震源とする火山性地震が多発していて、体に揺れを感じる地震も相次いでいます。気象庁は今後、規模の大きな噴火が発生する可能性が非常に高くなっているとして、桜島に噴火警報を発表し、噴火警戒レベルをレベル３からレベル４の「避難準備」に引き上げ、昭和火口と南岳山頂火口からおおむね３キロの範囲にある、鹿児島市の有村町や古里町では、避難の準備が必要だとして厳重な警戒を呼びかけています。uh th&igrave; b&oacute; lun</p>','OK','<strong>TK01</strong> <p>Them nữa này</p><strong>Admin</strong><p>Bài đang dịch được một phần</p><strong>[object Object]</strong> <p>Vân tôi sẽ tiếp tục dịch</p><strong>[object Object]</strong> <p>Ồ lỗi nữa không?</p><strong>TK01</strong> <p>Vân check hết rồi</p><strong>TK01</strong> <p>Tôi không dịch được nữa</p>','Bỏ vỏ có thể loại trừ thuốc nông nghiệp? Điểm lại những quan niệm sai lầm khi iểm lại những quan niệm sai lầm iểm lại những quan niệm sai lầm ăn trái cây','削果皮就可去农药？盘点吃水果皮就可去农药？盘点吃水果的7个错误皮就可去农药？盘点吃水果的7个错误的7个错误盘点吃水果的7个错误的7个错盘点吃水果的7个错误的7个错盘点吃水果的7个错误的7个错观念 bó tay lun',0,'images/logoctv.jpg','2015-09-02',0,1),('BV00000033','Nghi phạm vụ thảm sát tại Yên Bái bị bắt khi chưa kịp chống trả','桜島 火山性地震が急増 警戒レベル4に chi đây','DM07','TK01','<p>Sau khi tạo ra những con virius giả, công ty này chèn chúng vào các chương trình hoàn toàn bình thường. Tiếp đó Kaspersky gửi những đoạn mã độc giả này cho các đối thủ của mình để phần mềm antivirus của họ tìm diệt. Hành động này đã làm giảm hiệu quả diệt virus của các công ty đối thủ cạnh tranh.</p>','<p>鹿児島県の桜島では、１５日朝から島内を震源とする火山性地震が多発していて、体に揺れを感じる地震も相次いでいます。気象庁は今後、規模の大きな噴火が発生する可能性が非常に高くなっているとして、桜島に噴火警報を発表し、噴火警戒レベルをレベル３からレベル４の「避難準備」に引き上げ、昭和火口と南岳山頂火口からおおむね３キロの範囲にある、鹿児島市の有村町や古里町では、避難の準備が必要だとして厳重な警戒を呼びかけています。uh th&igrave; b&oacute; lun</p>','OK','<strong>TK01</strong> <p>Them nữa này</p><strong>Admin</strong><p>Bài đang dịch được một phần</p><strong>[object Object]</strong> <p>Vân tôi sẽ tiếp tục dịch</p><strong>[object Object]</strong> <p>Ồ lỗi nữa không?</p><strong>TK01</strong> <p>Vân check hết rồi</p><strong>TK01</strong> <p>Tôi không dịch được nữa</p>','Bỏ vỏ có thể loại trừ thuốc nông nghiệp? Điểm lại những quan niệm sai lầm khi iểm lại những quan niệm sai lầm iểm lại những quan niệm sai lầm ăn trái cây','削果皮就可去农药？盘点吃水果皮就可去农药？盘点吃水果的7个错误皮就可去农药？盘点吃水果的7个错误的7个错误盘点吃水果的7个错误的7个错盘点吃水果的7个错误的7个错盘点吃水果的7个错误的7个错观念 bó tay lun',0,'images/logoctv.jpg','2015-09-02',0,1),('BV00000034','Nghi phạm vụ thảm sát tại Yên Bái bị bắt khi chưa kịp chống trả','桜島 火山性地震が急増 警戒レベル4に chi đây','DM07','TK01','<p>Sau khi tạo ra những con virius giả, công ty này chèn chúng vào các chương trình hoàn toàn bình thường. Tiếp đó Kaspersky gửi những đoạn mã độc giả này cho các đối thủ của mình để phần mềm antivirus của họ tìm diệt. Hành động này đã làm giảm hiệu quả diệt virus của các công ty đối thủ cạnh tranh.</p>','<p>鹿児島県の桜島では、１５日朝から島内を震源とする火山性地震が多発していて、体に揺れを感じる地震も相次いでいます。気象庁は今後、規模の大きな噴火が発生する可能性が非常に高くなっているとして、桜島に噴火警報を発表し、噴火警戒レベルをレベル３からレベル４の「避難準備」に引き上げ、昭和火口と南岳山頂火口からおおむね３キロの範囲にある、鹿児島市の有村町や古里町では、避難の準備が必要だとして厳重な警戒を呼びかけています。uh th&igrave; b&oacute; lun</p>','OK','<strong>TK01</strong> <p>Them nữa này</p><strong>Admin</strong><p>Bài đang dịch được một phần</p><strong>[object Object]</strong> <p>Vân tôi sẽ tiếp tục dịch</p><strong>[object Object]</strong> <p>Ồ lỗi nữa không?</p><strong>TK01</strong> <p>Vân check hết rồi</p><strong>TK01</strong> <p>Tôi không dịch được nữa</p>','Bỏ vỏ có thể loại trừ thuốc nông nghiệp? Điểm lại những quan niệm sai lầm khi iểm lại những quan niệm sai lầm iểm lại những quan niệm sai lầm ăn trái cây','削果皮就可去农药？盘点吃水果皮就可去农药？盘点吃水果的7个错误皮就可去农药？盘点吃水果的7个错误的7个错误盘点吃水果的7个错误的7个错盘点吃水果的7个错误的7个错盘点吃水果的7个错误的7个错观念 bó tay lun',0,'images/logoctv.jpg','2015-09-02',0,0),('BV00000035','Nghi phạm vụ thảm sát tại Yên Bái bị bắt khi chưa kịp chống trả','桜島 火山性地震が急増 警戒レベル4に chi đây','DM07','TK01','<p>Sau khi tạo ra những con virius giả, công ty này chèn chúng vào các chương trình hoàn toàn bình thường. Tiếp đó Kaspersky gửi những đoạn mã độc giả này cho các đối thủ của mình để phần mềm antivirus của họ tìm diệt. Hành động này đã làm giảm hiệu quả diệt virus của các công ty đối thủ cạnh tranh.</p>','<p>鹿児島県の桜島では、１５日朝から島内を震源とする火山性地震が多発していて、体に揺れを感じる地震も相次いでいます。気象庁は今後、規模の大きな噴火が発生する可能性が非常に高くなっているとして、桜島に噴火警報を発表し、噴火警戒レベルをレベル３からレベル４の「避難準備」に引き上げ、昭和火口と南岳山頂火口からおおむね３キロの範囲にある、鹿児島市の有村町や古里町では、避難の準備が必要だとして厳重な警戒を呼びかけています。uh th&igrave; b&oacute; lun</p>','OK','<strong>TK01</strong> <p>Them nữa này</p><strong>Admin</strong><p>Bài đang dịch được một phần</p><strong>[object Object]</strong> <p>Vân tôi sẽ tiếp tục dịch</p><strong>[object Object]</strong> <p>Ồ lỗi nữa không?</p><strong>TK01</strong> <p>Vân check hết rồi</p><strong>TK01</strong> <p>Tôi không dịch được nữa</p>','Bỏ vỏ có thể loại trừ thuốc nông nghiệp? Điểm lại những quan niệm sai lầm khi iểm lại những quan niệm sai lầm iểm lại những quan niệm sai lầm ăn trái cây','削果皮就可去农药？盘点吃水果皮就可去农药？盘点吃水果的7个错误皮就可去农药？盘点吃水果的7个错误的7个错误盘点吃水果的7个错误的7个错盘点吃水果的7个错误的7个错盘点吃水果的7个错误的7个错观念 bó tay lun',0,'images/logoctv.jpg','2015-09-02',0,0),('BV00000036','Nghi phạm vụ thảm sát tại Yên Bái bị bắt khi chưa kịp chống trả','桜島 火山性地震が急増 警戒レベル4に chi đây','DM07','TK01','<p>Sau khi tạo ra những con virius giả, công ty này chèn chúng vào các chương trình hoàn toàn bình thường. Tiếp đó Kaspersky gửi những đoạn mã độc giả này cho các đối thủ của mình để phần mềm antivirus của họ tìm diệt. Hành động này đã làm giảm hiệu quả diệt virus của các công ty đối thủ cạnh tranh.</p>','<p>鹿児島県の桜島では、１５日朝から島内を震源とする火山性地震が多発していて、体に揺れを感じる地震も相次いでいます。気象庁は今後、規模の大きな噴火が発生する可能性が非常に高くなっているとして、桜島に噴火警報を発表し、噴火警戒レベルをレベル３からレベル４の「避難準備」に引き上げ、昭和火口と南岳山頂火口からおおむね３キロの範囲にある、鹿児島市の有村町や古里町では、避難の準備が必要だとして厳重な警戒を呼びかけています。uh th&igrave; b&oacute; lun</p>','OK','<strong>TK01</strong> <p>Them nữa này</p><strong>Admin</strong><p>Bài đang dịch được một phần</p><strong>[object Object]</strong> <p>Vân tôi sẽ tiếp tục dịch</p><strong>[object Object]</strong> <p>Ồ lỗi nữa không?</p><strong>TK01</strong> <p>Vân check hết rồi</p><strong>TK01</strong> <p>Tôi không dịch được nữa</p>','Bỏ vỏ có thể loại trừ thuốc nông nghiệp? Điểm lại những quan niệm sai lầm khi iểm lại những quan niệm sai lầm iểm lại những quan niệm sai lầm ăn trái cây','削果皮就可去农药？盘点吃水果皮就可去农药？盘点吃水果的7个错误皮就可去农药？盘点吃水果的7个错误的7个错误盘点吃水果的7个错误的7个错盘点吃水果的7个错误的7个错盘点吃水果的7个错误的7个错观念 bó tay lun',0,'images/logoctv.jpg','2015-09-02',0,0),('BV00000037','Nghi phạm vụ thảm sát tại Yên Bái bị bắt khi chưa kịp chống trả','桜島 火山性地震が急増 警戒レベル4に chi đây','DM08','TK01','<p>Sau khi tạo ra những con virius giả, công ty này chèn chúng vào các chương trình hoàn toàn bình thường. Tiếp đó Kaspersky gửi những đoạn mã độc giả này cho các đối thủ của mình để phần mềm antivirus của họ tìm diệt. Hành động này đã làm giảm hiệu quả diệt virus của các công ty đối thủ cạnh tranh.</p>','<p>鹿児島県の桜島では、１５日朝から島内を震源とする火山性地震が多発していて、体に揺れを感じる地震も相次いでいます。気象庁は今後、規模の大きな噴火が発生する可能性が非常に高くなっているとして、桜島に噴火警報を発表し、噴火警戒レベルをレベル３からレベル４の「避難準備」に引き上げ、昭和火口と南岳山頂火口からおおむね３キロの範囲にある、鹿児島市の有村町や古里町では、避難の準備が必要だとして厳重な警戒を呼びかけています。uh th&igrave; b&oacute; lun</p>','OK','<strong>TK01</strong> <p>Them nữa này</p><strong>Admin</strong><p>Bài đang dịch được một phần</p><strong>[object Object]</strong> <p>Vân tôi sẽ tiếp tục dịch</p><strong>[object Object]</strong> <p>Ồ lỗi nữa không?</p><strong>TK01</strong> <p>Vân check hết rồi</p><strong>TK01</strong> <p>Tôi không dịch được nữa</p>','Bỏ vỏ có thể loại trừ thuốc nông nghiệp? Điểm lại những quan niệm sai lầm khi iểm lại những quan niệm sai lầm iểm lại những quan niệm sai lầm ăn trái cây','削果皮就可去农药？盘点吃水果皮就可去农药？盘点吃水果的7个错误皮就可去农药？盘点吃水果的7个错误的7个错误盘点吃水果的7个错误的7个错盘点吃水果的7个错误的7个错盘点吃水果的7个错误的7个错观念 bó tay lun',0,'images/logoctv.jpg','2015-09-02',0,1),('BV00000038','Nghi phạm vụ thảm sát tại Yên Bái bị bắt khi chưa kịp chống trả','桜島 火山性地震が急増 警戒レベル4に chi đây','DM08','TK01','<p>Sau khi tạo ra những con virius giả, công ty này chèn chúng vào các chương trình hoàn toàn bình thường. Tiếp đó Kaspersky gửi những đoạn mã độc giả này cho các đối thủ của mình để phần mềm antivirus của họ tìm diệt. Hành động này đã làm giảm hiệu quả diệt virus của các công ty đối thủ cạnh tranh.</p>','<p>鹿児島県の桜島では、１５日朝から島内を震源とする火山性地震が多発していて、体に揺れを感じる地震も相次いでいます。気象庁は今後、規模の大きな噴火が発生する可能性が非常に高くなっているとして、桜島に噴火警報を発表し、噴火警戒レベルをレベル３からレベル４の「避難準備」に引き上げ、昭和火口と南岳山頂火口からおおむね３キロの範囲にある、鹿児島市の有村町や古里町では、避難の準備が必要だとして厳重な警戒を呼びかけています。uh th&igrave; b&oacute; lun</p>','OK','<strong>TK01</strong> <p>Them nữa này</p><strong>Admin</strong><p>Bài đang dịch được một phần</p><strong>[object Object]</strong> <p>Vân tôi sẽ tiếp tục dịch</p><strong>[object Object]</strong> <p>Ồ lỗi nữa không?</p><strong>TK01</strong> <p>Vân check hết rồi</p><strong>TK01</strong> <p>Tôi không dịch được nữa</p>','Bỏ vỏ có thể loại trừ thuốc nông nghiệp? Điểm lại những quan niệm sai lầm khi iểm lại những quan niệm sai lầm iểm lại những quan niệm sai lầm ăn trái cây','削果皮就可去农药？盘点吃水果皮就可去农药？盘点吃水果的7个错误皮就可去农药？盘点吃水果的7个错误的7个错误盘点吃水果的7个错误的7个错盘点吃水果的7个错误的7个错盘点吃水果的7个错误的7个错观念 bó tay lun',0,'images/logoctv.jpg','2015-09-02',0,0),('BV00000039','Nghi phạm vụ thảm sát tại Yên Bái bị bắt khi chưa kịp chống trả','桜島 火山性地震が急増 警戒レベル4に chi đây','DM08','TK01','<p>Sau khi tạo ra những con virius giả, công ty này chèn chúng vào các chương trình hoàn toàn bình thường. Tiếp đó Kaspersky gửi những đoạn mã độc giả này cho các đối thủ của mình để phần mềm antivirus của họ tìm diệt. Hành động này đã làm giảm hiệu quả diệt virus của các công ty đối thủ cạnh tranh.</p>','<p>鹿児島県の桜島では、１５日朝から島内を震源とする火山性地震が多発していて、体に揺れを感じる地震も相次いでいます。気象庁は今後、規模の大きな噴火が発生する可能性が非常に高くなっているとして、桜島に噴火警報を発表し、噴火警戒レベルをレベル３からレベル４の「避難準備」に引き上げ、昭和火口と南岳山頂火口からおおむね３キロの範囲にある、鹿児島市の有村町や古里町では、避難の準備が必要だとして厳重な警戒を呼びかけています。uh th&igrave; b&oacute; lun</p>','OK','<strong>TK01</strong> <p>Them nữa này</p><strong>Admin</strong><p>Bài đang dịch được một phần</p><strong>[object Object]</strong> <p>Vân tôi sẽ tiếp tục dịch</p><strong>[object Object]</strong> <p>Ồ lỗi nữa không?</p><strong>TK01</strong> <p>Vân check hết rồi</p><strong>TK01</strong> <p>Tôi không dịch được nữa</p>','Bỏ vỏ có thể loại trừ thuốc nông nghiệp? Điểm lại những quan niệm sai lầm khi iểm lại những quan niệm sai lầm iểm lại những quan niệm sai lầm ăn trái cây','削果皮就可去农药？盘点吃水果皮就可去农药？盘点吃水果的7个错误皮就可去农药？盘点吃水果的7个错误的7个错误盘点吃水果的7个错误的7个错盘点吃水果的7个错误的7个错盘点吃水果的7个错误的7个错观念 bó tay lun',0,'images/logoctv.jpg','2015-09-02',0,0),('BV00000040','Nghi phạm vụ thảm sát tại Yên Bái bị bắt khi chưa kịp chống trả','桜島 火山性地震が急増 警戒レベル4に chi đây','DM09','TK01','<p>Sau khi tạo ra những con virius giả, công ty này chèn chúng vào các chương trình hoàn toàn bình thường. Tiếp đó Kaspersky gửi những đoạn mã độc giả này cho các đối thủ của mình để phần mềm antivirus của họ tìm diệt. Hành động này đã làm giảm hiệu quả diệt virus của các công ty đối thủ cạnh tranh.</p>','<p>鹿児島県の桜島では、１５日朝から島内を震源とする火山性地震が多発していて、体に揺れを感じる地震も相次いでいます。気象庁は今後、規模の大きな噴火が発生する可能性が非常に高くなっているとして、桜島に噴火警報を発表し、噴火警戒レベルをレベル３からレベル４の「避難準備」に引き上げ、昭和火口と南岳山頂火口からおおむね３キロの範囲にある、鹿児島市の有村町や古里町では、避難の準備が必要だとして厳重な警戒を呼びかけています。uh th&igrave; b&oacute; lun</p>','OK','<strong>TK01</strong> <p>Them nữa này</p><strong>Admin</strong><p>Bài đang dịch được một phần</p><strong>[object Object]</strong> <p>Vân tôi sẽ tiếp tục dịch</p><strong>[object Object]</strong> <p>Ồ lỗi nữa không?</p><strong>TK01</strong> <p>Vân check hết rồi</p><strong>TK01</strong> <p>Tôi không dịch được nữa</p>','Bỏ vỏ có thể loại trừ thuốc nông nghiệp? Điểm lại những quan niệm sai lầm khi iểm lại những quan niệm sai lầm iểm lại những quan niệm sai lầm ăn trái cây','削果皮就可去农药？盘点吃水果皮就可去农药？盘点吃水果的7个错误皮就可去农药？盘点吃水果的7个错误的7个错误盘点吃水果的7个错误的7个错盘点吃水果的7个错误的7个错盘点吃水果的7个错误的7个错观念 bó tay lun',2,'images/logoctv.jpg','2015-09-02',0,0),('BV00000041','Nghi phạm vụ thảm sát tại Yên Bái bị bắt khi chưa kịp chống trả','桜島 火山性地震が急増 警戒レベル4に chi đây','DM09','TK01','<p>Sau khi tạo ra những con virius giả, công ty này chèn chúng vào các chương trình hoàn toàn bình thường. Tiếp đó Kaspersky gửi những đoạn mã độc giả này cho các đối thủ của mình để phần mềm antivirus của họ tìm diệt. Hành động này đã làm giảm hiệu quả diệt virus của các công ty đối thủ cạnh tranh.</p>','<p>鹿児島県の桜島では、１５日朝から島内を震源とする火山性地震が多発していて、体に揺れを感じる地震も相次いでいます。気象庁は今後、規模の大きな噴火が発生する可能性が非常に高くなっているとして、桜島に噴火警報を発表し、噴火警戒レベルをレベル３からレベル４の「避難準備」に引き上げ、昭和火口と南岳山頂火口からおおむね３キロの範囲にある、鹿児島市の有村町や古里町では、避難の準備が必要だとして厳重な警戒を呼びかけています。uh th&igrave; b&oacute; lun</p>','OK','<strong>TK01</strong> <p>Them nữa này</p><strong>Admin</strong><p>Bài đang dịch được một phần</p><strong>[object Object]</strong> <p>Vân tôi sẽ tiếp tục dịch</p><strong>[object Object]</strong> <p>Ồ lỗi nữa không?</p><strong>TK01</strong> <p>Vân check hết rồi</p><strong>TK01</strong> <p>Tôi không dịch được nữa</p>','Bỏ vỏ có thể loại trừ thuốc nông nghiệp? Điểm lại những quan niệm sai lầm khi iểm lại những quan niệm sai lầm iểm lại những quan niệm sai lầm ăn trái cây','削果皮就可去农药？盘点吃水果皮就可去农药？盘点吃水果的7个错误皮就可去农药？盘点吃水果的7个错误的7个错误盘点吃水果的7个错误的7个错盘点吃水果的7个错误的7个错盘点吃水果的7个错误的7个错观念 bó tay lun',1,'images/logoctv.jpg','2015-09-02',0,0),('BV00000042','Nghi phạm vụ thảm sát tại Yên Bái bị bắt khi chưa kịp chống trả','桜島 火山性地震が急増 警戒レベル4に chi đây','DM09','TK01','<p>Sau khi tạo ra những con virius giả, công ty này chèn chúng vào các chương trình hoàn toàn bình thường. Tiếp đó Kaspersky gửi những đoạn mã độc giả này cho các đối thủ của mình để phần mềm antivirus của họ tìm diệt. Hành động này đã làm giảm hiệu quả diệt virus của các công ty đối thủ cạnh tranh.</p>','<p>鹿児島県の桜島では、１５日朝から島内を震源とする火山性地震が多発していて、体に揺れを感じる地震も相次いでいます。気象庁は今後、規模の大きな噴火が発生する可能性が非常に高くなっているとして、桜島に噴火警報を発表し、噴火警戒レベルをレベル３からレベル４の「避難準備」に引き上げ、昭和火口と南岳山頂火口からおおむね３キロの範囲にある、鹿児島市の有村町や古里町では、避難の準備が必要だとして厳重な警戒を呼びかけています。uh th&igrave; b&oacute; lun</p>','OK','<strong>TK01</strong> <p>Them nữa này</p><strong>Admin</strong><p>Bài đang dịch được một phần</p><strong>[object Object]</strong> <p>Vân tôi sẽ tiếp tục dịch</p><strong>[object Object]</strong> <p>Ồ lỗi nữa không?</p><strong>TK01</strong> <p>Vân check hết rồi</p><strong>TK01</strong> <p>Tôi không dịch được nữa</p>','Bỏ vỏ có thể loại trừ thuốc nông nghiệp? Điểm lại những quan niệm sai lầm khi iểm lại những quan niệm sai lầm iểm lại những quan niệm sai lầm ăn trái cây','削果皮就可去农药？盘点吃水果皮就可去农药？盘点吃水果的7个错误皮就可去农药？盘点吃水果的7个错误的7个错误盘点吃水果的7个错误的7个错盘点吃水果的7个错误的7个错盘点吃水果的7个错误的7个错观念 bó tay lun',0,'images/logoctv.jpg','2015-09-02',0,0),('BV00000043','Nghi phạm vụ thảm sát tại Yên Bái bị bắt khi chưa kịp chống trả','桜島 火山性地震が急増 警戒レベル4に chi đây','DM09','TK01','<p>Sau khi tạo ra những con virius giả, công ty này chèn chúng vào các chương trình hoàn toàn bình thường. Tiếp đó Kaspersky gửi những đoạn mã độc giả này cho các đối thủ của mình để phần mềm antivirus của họ tìm diệt. Hành động này đã làm giảm hiệu quả diệt virus của các công ty đối thủ cạnh tranh.</p>','<p>鹿児島県の桜島では、１５日朝から島内を震源とする火山性地震が多発していて、体に揺れを感じる地震も相次いでいます。気象庁は今後、規模の大きな噴火が発生する可能性が非常に高くなっているとして、桜島に噴火警報を発表し、噴火警戒レベルをレベル３からレベル４の「避難準備」に引き上げ、昭和火口と南岳山頂火口からおおむね３キロの範囲にある、鹿児島市の有村町や古里町では、避難の準備が必要だとして厳重な警戒を呼びかけています。uh th&igrave; b&oacute; lun</p>','OK','<strong>TK01</strong> <p>Them nữa này</p><strong>Admin</strong><p>Bài đang dịch được một phần</p><strong>[object Object]</strong> <p>Vân tôi sẽ tiếp tục dịch</p><strong>[object Object]</strong> <p>Ồ lỗi nữa không?</p><strong>TK01</strong> <p>Vân check hết rồi</p><strong>TK01</strong> <p>Tôi không dịch được nữa</p>','Bỏ vỏ có thể loại trừ thuốc nông nghiệp? Điểm lại những quan niệm sai lầm khi iểm lại những quan niệm sai lầm iểm lại những quan niệm sai lầm ăn trái cây','削果皮就可去农药？盘点吃水果皮就可去农药？盘点吃水果的7个错误皮就可去农药？盘点吃水果的7个错误的7个错误盘点吃水果的7个错误的7个错盘点吃水果的7个错误的7个错盘点吃水果的7个错误的7个错观念 bó tay lun',0,'images/logoctv.jpg','2015-09-02',0,0),('BV00000044','Nghi phạm vụ thảm sát tại Yên Bái bị bắt khi chưa kịp chống trả','桜島 火山性地震が急増 警戒レベル4に chi đây','DM09','TK01','<p>Sau khi tạo ra những con virius giả, công ty này chèn chúng vào các chương trình hoàn toàn bình thường. Tiếp đó Kaspersky gửi những đoạn mã độc giả này cho các đối thủ của mình để phần mềm antivirus của họ tìm diệt. Hành động này đã làm giảm hiệu quả diệt virus của các công ty đối thủ cạnh tranh.</p>','<p>鹿児島県の桜島では、１５日朝から島内を震源とする火山性地震が多発していて、体に揺れを感じる地震も相次いでいます。気象庁は今後、規模の大きな噴火が発生する可能性が非常に高くなっているとして、桜島に噴火警報を発表し、噴火警戒レベルをレベル３からレベル４の「避難準備」に引き上げ、昭和火口と南岳山頂火口からおおむね３キロの範囲にある、鹿児島市の有村町や古里町では、避難の準備が必要だとして厳重な警戒を呼びかけています。uh th&igrave; b&oacute; lun</p>','OK','<strong>TK01</strong> <p>Them nữa này</p><strong>Admin</strong><p>Bài đang dịch được một phần</p><strong>[object Object]</strong> <p>Vân tôi sẽ tiếp tục dịch</p><strong>[object Object]</strong> <p>Ồ lỗi nữa không?</p><strong>TK01</strong> <p>Vân check hết rồi</p><strong>TK01</strong> <p>Tôi không dịch được nữa</p>','Bỏ vỏ có thể loại trừ thuốc nông nghiệp? Điểm lại những quan niệm sai lầm khi iểm lại những quan niệm sai lầm iểm lại những quan niệm sai lầm ăn trái cây','削果皮就可去农药？盘点吃水果皮就可去农药？盘点吃水果的7个错误皮就可去农药？盘点吃水果的7个错误的7个错误盘点吃水果的7个错误的7个错盘点吃水果的7个错误的7个错盘点吃水果的7个错误的7个错观念 bó tay lun',0,'images/logoctv.jpg','2015-09-02',0,0),('BV00000045','Nghi phạm vụ thảm sát tại Yên Bái bị bắt khi chưa kịp chống trả','桜島 火山性地震が急増 警戒レベル4に chi đây','DM09','TK01','<p>Sau khi tạo ra những con virius giả, công ty này chèn chúng vào các chương trình hoàn toàn bình thường. Tiếp đó Kaspersky gửi những đoạn mã độc giả này cho các đối thủ của mình để phần mềm antivirus của họ tìm diệt. Hành động này đã làm giảm hiệu quả diệt virus của các công ty đối thủ cạnh tranh.</p>','<p>鹿児島県の桜島では、１５日朝から島内を震源とする火山性地震が多発していて、体に揺れを感じる地震も相次いでいます。気象庁は今後、規模の大きな噴火が発生する可能性が非常に高くなっているとして、桜島に噴火警報を発表し、噴火警戒レベルをレベル３からレベル４の「避難準備」に引き上げ、昭和火口と南岳山頂火口からおおむね３キロの範囲にある、鹿児島市の有村町や古里町では、避難の準備が必要だとして厳重な警戒を呼びかけています。uh th&igrave; b&oacute; lun</p>','OK','<strong>TK01</strong> <p>Them nữa này</p><strong>Admin</strong><p>Bài đang dịch được một phần</p><strong>[object Object]</strong> <p>Vân tôi sẽ tiếp tục dịch</p><strong>[object Object]</strong> <p>Ồ lỗi nữa không?</p><strong>TK01</strong> <p>Vân check hết rồi</p><strong>TK01</strong> <p>Tôi không dịch được nữa</p>','Bỏ vỏ có thể loại trừ thuốc nông nghiệp? Điểm lại những quan niệm sai lầm khi iểm lại những quan niệm sai lầm iểm lại những quan niệm sai lầm ăn trái cây','削果皮就可去农药？盘点吃水果皮就可去农药？盘点吃水果的7个错误皮就可去农药？盘点吃水果的7个错误的7个错误盘点吃水果的7个错误的7个错盘点吃水果的7个错误的7个错盘点吃水果的7个错误的7个错观念 bó tay lun',0,'images/logoctv.jpg','2015-09-02',0,0),('BV00000046','Bài viết mới ngày 02-09-2015','\"+tieuDe+\"','DM01','TK02','<p>Nội dung ch&iacute;nh của n&oacute;. ok chứ</p>\r\n','\"+noiDung+\"','MoiDang',NULL,'Mô tả cho bài viết này đây','\"+moTa+\"',0,'\"+hinh+\"','2015-09-02',0,0),('BV00000048','chi đây không biết nữa','ありがとうぉｌさｄｋｍ','DM01','US00000005','<p>sadsf sdf vbge rabgwetra s wre atset aae gtrea tg sr &ecirc;t dfgrdnjftje armyyt aretaer&nbsp;</p>\r\n','<p>ｓｄｆあｄｓ&aacute;ファｓｆＤＳＦｆｓｄｆＤＳＦＤＳＦａｆｄ ｆ&ETH;ｄｓフｇａｗｆｗｅｆａｅ ｆファウェ遭えｗ江和ｒ絵ｒửａエアＷｅｒ ả亜絵ｒẻ絵ｗｔあ絵ｗ手ｔａｗｅｒ ｔえっウェアｔă</p>\r\n','MoiDang','null','Vãi cả thôifghjghg','áだｄＤÁｓｄÐっさｄふぁｓだｆｄふぁｓｄふぁｓｄふぁｆｄｓあｄｓｆ',0,'images/images (1).jpg','2015-09-02',0,1),('BV00000051','bài này là chi đây - ngày 06-09-2015','','DM01','US00000005','<p>Nội dung n&oacute;</p>\r\n','<p>null</p>\r\n','MoiDang','null','Mô tả tiếng việt 123','null',0,'images/baiviet.jpg','2015-09-06',0,0),('BV00000052','Test icon',NULL,'DM09','TK02','<p>Test icon</p>\r\n',NULL,'MoiDang',NULL,'Test icon',NULL,0,'images/11995479_870195626392216_1971432449_n.jpg','2015-09-20',0,NULL),('BV00000053','456464sdxcvxcvx',NULL,'DM09','US00000005','<p>&aacute;dsaddasdasdasd</p>\r\n',NULL,'SoanThao',NULL,'456464sdxcvxcvx',NULL,0,'images/baiviet.jpg','2015-09-21',0,NULL),('BV00000055','sdrgafefads',NULL,'DM09','US00000005','<p>sdafdsfdsafdasdfsdf</p>\r\n',NULL,'MoiDang',NULL,'sdfadsfsadfsdfdsfa',NULL,0,'images/baiviet.jpg','2015-09-22',0,NULL),('BV00000056','sdasdasdasd',NULL,'DM09','US00000005','<p>&aacute;dsadsadasdsadads</p>\r\n',NULL,'MoiDang',NULL,'sadsadsadassadads',NULL,0,'images/baiviet.jpg','2015-09-22',0,NULL),('BV00000057','ĂQEWQEQWE',NULL,'DM09','US00000005','<p>ƯQEWQWQEWQEWQE</p>\r\n',NULL,'MoiDang',NULL,'ƯQEQWEWQEWQE',NULL,0,'images/baiviet.jpg','2015-09-22',0,NULL),('BV00000058','342523453rtdsfasfdsd',NULL,'DM09','US00000005','<p>342 32 3 26456236v3vwv3vw</p>\r\n',NULL,'MoiDang',NULL,'sdafsadf 43 w523 63434',NULL,0,'images/images (3).jpg','2015-09-22',0,NULL),('BV00000060','25rfwcr v3 vrwc',NULL,'DM09','US00000005','<p>345v235v2 5432v53 4 5v</p>\r\n',NULL,'MoiDang',NULL,'34 5v2345v2 3v',NULL,0,'images/baiviet.jpg','2015-09-22',0,NULL),('BV00000061','34523 2 34 5235',NULL,'DM09','US00000005','<p>324 2 5 23452 &nbsp;5432</p>\r\n',NULL,'MoiDang',NULL,'3245 23523 5432 5',NULL,0,'images/baiviet.jpg','2015-09-22',0,NULL),('BV00000062','ưqeqwe',NULL,'DM09','US00000005','<p>ưqewqewqe</p>\r\n',NULL,'MoiDang',NULL,'ưqeqweqwe',NULL,0,'images/baiviet.jpg','2015-09-22',0,NULL),('BV00000063','qưewqe',NULL,'DM09','US00000005','<p>qưewqewqewqe</p>\r\n',NULL,'MoiDang',NULL,'qưewqewqerqử',NULL,0,'images/images (3).jpg','2015-09-22',0,NULL),('BV00000064','ádsdadsa',NULL,'DM09','US00000005','<p>asdasdasdsad &nbsp; sa sad asd asd &nbsp;sa fsa</p>\r\n',NULL,'MoiDang',NULL,'ádasdasdasd',NULL,0,'images/bgtrac.jpg','2015-09-23',0,0),('BV00000065','asdfdsad ',NULL,'DM09','US00000005','<p>sdf sd fsdf ds fadsf ads fa fdsd fd fdsaf adsf sadf d&agrave; sda fdfdfsadfs&nbsp;</p>\r\n',NULL,'MoiDang',NULL,'s dfa  asdfda fads f',NULL,0,'images/gg.jpg','2015-09-23',0,NULL),('BV00000066','ádasdads',NULL,'DM09','US00000005','<p>sadsadsadsdasadsadsaddsa</p>\r\n',NULL,'MoiDang',NULL,'áddsadsadadssad',NULL,0,'images/baiviet.jpg','2015-09-23',0,NULL),('BV00000067','afsagdsdhsfd',NULL,'DM09','US00000005','<p>sdaf s dsad f sad sdafas &nbsp;&aacute; sg dsa g aagf &nbsp;gagafđg fgffg</p>\r\n',NULL,'KhongDich',NULL,'sdfasdf  gadsfasdf asdfg fsdaf dsa',NULL,0,'images/baiviet.jpg','2015-09-23',0,NULL),('BV00000068','ẻ twert rwe ',NULL,'DM09','US00000005','<p>erter tt4tw trgw et4 &nbsp;5 54htr htr ưt rsw 5trrb ử terw trhhrt wrththt hwge rsthser esrhhers grse esg sg e&nbsp;</p>\r\n',NULL,'MoiDang',NULL,'erter tẻtre',NULL,0,'images/baiviet.jpg','2015-09-23',0,NULL),('BV00000069','dsadasd',NULL,'DM09','US00000005','<p>sadsadsdsadasd</p>\r\n',NULL,'KhongDich',NULL,'sadsadsad',NULL,0,'images/baiviet.jpg','2015-09-24',0,0),('BV00000070','ưqewqewqewqe',NULL,'DM09','US00000005','<p>wqewqwqeqewwqeew wqwe weqew we&nbsp;</p>\r\n',NULL,'KhongDich',NULL,'ưqewqewqewqewqe',NULL,0,'images/baiviet.jpg','2015-09-24',0,NULL),('BV00000071','sda sad ',NULL,'DM09','US00000005','<p>&aacute; d asd sda sad adf sa fa a fsafs &agrave; ầ fsasf a fs</p>\r\n',NULL,'KhongDich',NULL,'ádda',NULL,0,'images/baiviet.jpg','2015-09-24',0,NULL);
/*!40000 ALTER TABLE `baiviet` ENABLE KEYS */;
UNLOCK TABLES;

--
-- Table structure for table `binhluan`
--

DROP TABLE IF EXISTS `binhluan`;
/*!40101 SET @saved_cs_client     = @@character_set_client */;
/*!40101 SET character_set_client = utf8 */;
CREATE TABLE `binhluan` (
  `IdComent` int(11) NOT NULL AUTO_INCREMENT,
  `IdBaiViet` varchar(10) COLLATE utf8_unicode_ci NOT NULL,
  `IdTaiKhoan` varchar(10) COLLATE utf8_unicode_ci NOT NULL,
  `PhanHoiVi` longtext COLLATE utf8_unicode_ci,
  `PhanHoiJa` longtext COLLATE utf8_unicode_ci,
  `CoXoa` int(11) NOT NULL,
  `NgayDang` date DEFAULT NULL,
  PRIMARY KEY (`IdComent`)
) ENGINE=InnoDB AUTO_INCREMENT=20 DEFAULT CHARSET=utf8 COLLATE=utf8_unicode_ci;
/*!40101 SET character_set_client = @saved_cs_client */;

--
-- Dumping data for table `binhluan`
--

LOCK TABLES `binhluan` WRITE;
/*!40000 ALTER TABLE `binhluan` DISABLE KEYS */;
INSERT INTO `binhluan` VALUES (1,'BV00000000','TK01','Binh luận',NULL,0,'2015-08-20'),(2,'BV00000000','TK01','Bình luận mới',NULL,0,'2015-08-20'),(3,'BV00000000','TK01','Binh luan',NULL,0,'2015-08-20'),(4,'BV00000000','TK01',NULL,'ありがとう',0,'2015-08-20'),(5,'BV00000000','TK01',NULL,'ありがとう',0,'2015-08-20'),(6,'BV00000000','TK01','Bài này hay quá',NULL,0,'2015-08-20'),(7,'BV00000000','TK01',NULL,'ありがとう',0,'2015-08-20'),(8,'BV00000000','TK01',NULL,'ありがとう',0,'2015-08-20'),(9,'BV00000000','TK00000008','test',NULL,0,NULL),(10,'BV00000000','TK00000008','test',NULL,0,NULL),(11,'BV00000000','TK00000008','test',NULL,0,NULL),(12,'BV00000000','TK00000008','test',NULL,0,NULL),(13,'BV00000000','TK00000008','test',NULL,0,NULL),(14,'BV00000000','TK00000008','test',NULL,0,NULL),(15,'BV00000000','TK00000008','test',NULL,0,NULL),(16,'BV00000000','TK00000008','test',NULL,0,NULL),(17,'BV00000000','TK00000008','test',NULL,0,NULL),(18,'BV00000000','TK00000008','test',NULL,0,NULL),(19,'BV00000000','TK00000008','test',NULL,0,NULL);
/*!40000 ALTER TABLE `binhluan` ENABLE KEYS */;
UNLOCK TABLES;

--
-- Table structure for table `danhmuc`
--

DROP TABLE IF EXISTS `danhmuc`;
/*!40101 SET @saved_cs_client     = @@character_set_client */;
/*!40101 SET character_set_client = utf8 */;
CREATE TABLE `danhmuc` (
  `IdDanhMuc` char(10) COLLATE utf8_unicode_ci NOT NULL,
  `TenDanhMucVi` longtext COLLATE utf8_unicode_ci,
  `TenDanhMucJa` longtext COLLATE utf8_unicode_ci,
  `HienThi` int(11) DEFAULT NULL,
  `CoXoa` int(11) DEFAULT NULL,
  `ICon` tinytext COLLATE utf8_unicode_ci,
  PRIMARY KEY (`IdDanhMuc`)
) ENGINE=InnoDB DEFAULT CHARSET=utf8 COLLATE=utf8_unicode_ci;
/*!40101 SET character_set_client = @saved_cs_client */;

--
-- Dumping data for table `danhmuc`
--

LOCK TABLES `danhmuc` WRITE;
/*!40000 ALTER TABLE `danhmuc` DISABLE KEYS */;
INSERT INTO `danhmuc` VALUES ('DM01','Tìm việc','スポーツ',0,0,'Capture.PNG'),('DM02','Đối tác kinh doanh','テクノロジー',0,0,'Prototype-model.jpg'),('DM03','Đầu tư','生活',1,0,'RAD Model.jpg'),('DM04','Mua bán','テクニカル',2,0,NULL),('DM05','Thương hiệu','エンターテインメント',1,0,NULL),('DM06','Du lịch','料理の',1,0,NULL),('DM07','Vé máy bay','音楽',4,0,NULL),('DM08','Giao lưu','アート',1,0,NULL),('DM09','Khách sạn','文学',6,0,NULL),('DM10','Linh tinh','雑多',1,0,NULL),('DM11','dm1','dm1',0,0,'Lich hoc.PNG'),('DM12','zzz','zzz',0,0,'Capture.PNG');
/*!40000 ALTER TABLE `danhmuc` ENABLE KEYS */;
UNLOCK TABLES;

--
-- Table structure for table `lichsu`
--

DROP TABLE IF EXISTS `lichsu`;
/*!40101 SET @saved_cs_client     = @@character_set_client */;
/*!40101 SET character_set_client = utf8 */;
CREATE TABLE `lichsu` (
  `IdBaiViet` varchar(10) COLLATE utf8_unicode_ci NOT NULL,
  `IdTaiKhoan` varchar(10) COLLATE utf8_unicode_ci NOT NULL,
  `TrangThai` longtext COLLATE utf8_unicode_ci NOT NULL,
  `ThoiGian` date DEFAULT NULL,
  PRIMARY KEY (`IdBaiViet`,`IdTaiKhoan`)
) ENGINE=InnoDB DEFAULT CHARSET=utf8 COLLATE=utf8_unicode_ci;
/*!40101 SET character_set_client = @saved_cs_client */;

--
-- Dumping data for table `lichsu`
--

LOCK TABLES `lichsu` WRITE;
/*!40000 ALTER TABLE `lichsu` DISABLE KEYS */;
INSERT INTO `lichsu` VALUES ('BV00000000','TK01','DangDich','2015-08-15'),('BV00000001','TK03','Ok','2015-08-05'),('BV00000002','TK01','ChuyenDich','2015-08-05'),('BV00000003','TK03','Ok','2015-08-05'),('BV00000004','TK01','ChuyenDich','2015-08-05'),('BV00000005','TK03','HuyDich','2015-08-05'),('BV00000008','TK03','Ok','2015-08-05');
/*!40000 ALTER TABLE `lichsu` ENABLE KEYS */;
UNLOCK TABLES;

--
-- Table structure for table `quangcao`
--

DROP TABLE IF EXISTS `quangcao`;
/*!40101 SET @saved_cs_client     = @@character_set_client */;
/*!40101 SET character_set_client = utf8 */;
CREATE TABLE `quangcao` (
  `IdQuangCao` int(11) NOT NULL AUTO_INCREMENT,
  `LienKet` tinytext COLLATE utf8_unicode_ci,
  `HinhAnh` tinytext COLLATE utf8_unicode_ci,
  `ViTri` int(11) DEFAULT NULL,
  `HienThi` int(11) DEFAULT NULL,
  `SoNgay` int(11) DEFAULT NULL,
  `TrangHienThi` int(11) DEFAULT NULL,
  `DonViQuangCao` tinytext COLLATE utf8_unicode_ci,
  `NgayDang` date DEFAULT NULL,
  `GiaQuangCao` tinytext COLLATE utf8_unicode_ci,
  `KichThuoc` tinytext COLLATE utf8_unicode_ci,
  `DienThoai` tinytext COLLATE utf8_unicode_ci,
  `Email` tinytext COLLATE utf8_unicode_ci,
  PRIMARY KEY (`IdQuangCao`)
) ENGINE=InnoDB AUTO_INCREMENT=10 DEFAULT CHARSET=utf8 COLLATE=utf8_unicode_ci;
/*!40101 SET character_set_client = @saved_cs_client */;

--
-- Dumping data for table `quangcao`
--

LOCK TABLES `quangcao` WRITE;
/*!40000 ALTER TABLE `quangcao` DISABLE KEYS */;
INSERT INTO `quangcao` VALUES (1,'http://test.com','images/quangcao/logo_VN.jpg',1,1,100,1,'Mặt định','2015-09-22','3000000','300x250','01234567899','it007bk@gmail.com'),(2,'http://test.com','http://phapluatgiadinh.com/hinh-anh/images/quangcao/banner-phapluatgiadinh-300x250-2.gif',5,1,30,1,'Mặt định','2015-09-02','3000000','300x250','01234567899','it007bk@gmail.com'),(3,'http://test.com','http://baobacninh.com.vn/resources/baobacninh/items/1440128661_Vinhome_thang8_300x250.gif',2,0,30,1,'Mặt định','2015-09-02','2000000','300x250','01234567899','it007bk@gmail.com'),(4,'http://test.com','http://chotot365.com/upload//adv/logo/1438762040300x600.gif',6,1,30,1,'Mặt định','2015-09-02','3000000','300x600','01234567899','it007bk@gmail.com'),(5,'http://test.com','http://dc344.4shared.com/img/pL3GG9Si/s3/134924c3110/KIN2010-Banner-Ad-1-728x90.gif',4,1,30,1,'Mặt định','2015-09-02','3000000','728x90','01234567899','it007bk@gmail.com'),(6,'https://www.facebook.com/','images/quangcao/logo_VN.jpg',3,1,90,1,'Mặt định','2015-09-21','1000000','300x400','01234567899','it007bk@gmail.com'),(7,'https://www.facebook.com/','images/quangcao/logo_VN.jpg',1,1,30,2,'Mặt định','2015-09-21','1000000','300x400','01234567899','it007bk@gmail.com'),(8,'https://www.facebook.com/','images/quangcao/logo_VN.jpg',2,1,30,1,'Hair Đăng','2015-09-24','1000','300x400','01234567899','it007bk@gmail.com'),(9,'http://www.nguyenvanquan7826.com/2013/07/24/java-lay-thoi-gian-trong-java-time-in-java/','images/quangcao/logo_VN.jpg',3,0,7,1,'Lê Văn Thanh','2015-09-22','1000000','300x400','01234567899','bk@yahoo.com');
/*!40000 ALTER TABLE `quangcao` ENABLE KEYS */;
UNLOCK TABLES;

--
-- Table structure for table `taikhoan`
--

DROP TABLE IF EXISTS `taikhoan`;
/*!40101 SET @saved_cs_client     = @@character_set_client */;
/*!40101 SET character_set_client = utf8 */;
CREATE TABLE `taikhoan` (
  `IdTaiKhoan` varchar(10) COLLATE utf8_unicode_ci NOT NULL,
  `TenTaiKhoan` tinytext COLLATE utf8_unicode_ci NOT NULL,
  `MatKhau` tinytext COLLATE utf8_unicode_ci NOT NULL,
  `HoTen` tinytext COLLATE utf8_unicode_ci,
  `DiaChi` text COLLATE utf8_unicode_ci,
  `DienThoai` tinytext COLLATE utf8_unicode_ci,
  `Email` tinytext COLLATE utf8_unicode_ci NOT NULL,
  `QuyenQuanTri` tinytext COLLATE utf8_unicode_ci,
  `CoXoa` int(11) NOT NULL,
  `NgonNgu` tinytext COLLATE utf8_unicode_ci,
  `TinhTrang` tinytext COLLATE utf8_unicode_ci,
  PRIMARY KEY (`IdTaiKhoan`)
) ENGINE=InnoDB DEFAULT CHARSET=utf8 COLLATE=utf8_unicode_ci;
/*!40101 SET character_set_client = @saved_cs_client */;

--
-- Dumping data for table `taikhoan`
--

LOCK TABLES `taikhoan` WRITE;
/*!40000 ALTER TABLE `taikhoan` DISABLE KEYS */;
INSERT INTO `taikhoan` VALUES ('TK00000008','somedayiws','123456','nghĩa','','','somedayiws@gmail.com','user',0,'somedayiws@gmail.com','MoiTao'),('TK01','admin','123456','Hồ Quốc Hải','Quảng Nam','01234567899','doihamhieu@gmail.com','admin',0,'vi',NULL),('TK02','hqh','hah123','ho quoc hai','qn','0923456781','hqh@example.com','user',0,'vi',NULL),('TK03','abc','123456','qưererw','qưewqe','01234567899','a@gmail.com','ctv',0,'ja',NULL),('US00000004','loki007','loki007','Hồ Viết Nhân','Huế','01234567899','doihamhieu@gmail.com','user',0,'vi','hoatdong'),('US00000005','lokit007','nhanviet1','Hồ Viết Nhân','Huế','01234567899','it007bk@gmail.com','user',0,'ja','hoatdong'),('US00000006','sdc','123456789','gsđá','dsadasd','0123456789','fsgfd@gmail.com','User',0,'null','Mới tạo'),('US00000007','df','df123456','Nfdgsfhhf','dfsgd','0123456789','dfs@gdsfs.com','user',0,'ja','Mới tạo');
/*!40000 ALTER TABLE `taikhoan` ENABLE KEYS */;
UNLOCK TABLES;

--
-- Table structure for table `tainguyen`
--

DROP TABLE IF EXISTS `tainguyen`;
/*!40101 SET @saved_cs_client     = @@character_set_client */;
/*!40101 SET character_set_client = utf8 */;
CREATE TABLE `tainguyen` (
  `IdTaiNguyen` int(11) NOT NULL AUTO_INCREMENT,
  `Key111` tinytext,
  `Value111` tinytext,
  PRIMARY KEY (`IdTaiNguyen`)
) ENGINE=InnoDB AUTO_INCREMENT=11 DEFAULT CHARSET=utf8mb4;
/*!40101 SET character_set_client = @saved_cs_client */;

--
-- Dumping data for table `tainguyen`
--

LOCK TABLES `tainguyen` WRITE;
/*!40000 ALTER TABLE `tainguyen` DISABLE KEYS */;
INSERT INTO `tainguyen` VALUES (1,'DienThoaiVN','01234567899'),(2,'DienThoaiJA','01234567899'),(3,'Email','congthongtin.vietnhat@gmail.com'),(4,'TenTaiKhoan1','VietNhat'),(5,'SoTaiKhoan1','102203304405'),(6,'BangGiaDich','images/tainguyen/Capture2.PNG'),(7,'BangGiaQuangCao','images/tainguyen/Capture2.PNG'),(8,'SoTuDich','300'),(9,'ThanhTienVN','55'),(10,'ThanhTienJA','40');
/*!40000 ALTER TABLE `tainguyen` ENABLE KEYS */;
UNLOCK TABLES;

--
-- Table structure for table `thongbao`
--

DROP TABLE IF EXISTS `thongbao`;
/*!40101 SET @saved_cs_client     = @@character_set_client */;
/*!40101 SET character_set_client = utf8 */;
CREATE TABLE `thongbao` (
  `IdThongBao` int(11) NOT NULL AUTO_INCREMENT,
  `TieuDe` tinytext,
  `NoiDung` tinytext NOT NULL,
  `HienThi` int(11) DEFAULT NULL,
  `NgayDang` date DEFAULT NULL,
  `GuiDen` tinytext,
  PRIMARY KEY (`IdThongBao`)
) ENGINE=InnoDB AUTO_INCREMENT=5 DEFAULT CHARSET=utf8mb4;
/*!40101 SET character_set_client = @saved_cs_client */;

--
-- Dumping data for table `thongbao`
--

LOCK TABLES `thongbao` WRITE;
/*!40000 ALTER TABLE `thongbao` DISABLE KEYS */;
INSERT INTO `thongbao` VALUES (1,'Tạm dừng hoạt động hệ thống từ ngày 20-10-2015 đến ngày 3-1-2015','Tạm dừng hoạt động hệ thống từ ngày 20-10-2015 đến ngày 3-1-2015. website thực hiện cập nhật lại hệ thống nên tạm nghỉ hoạt động một thời gian',1,'2015-09-25','DienDan'),(2,' Khóa tài khoản người dùng Lokit007',' Khóa tài khoản người dùng lokit007. Lý do vi phạm quy định diễn đàn.',1,'2015-09-25','DienDan'),(3,' Cảnh báo vi phạm quy định người dùng',' Cảnh báo vi phạm điều khoản người dùng. Bạn đã vi phạm ...',1,'2015-09-26','somedayiws'),(4,'xx','xx',0,'2015-09-29','DienDan');
/*!40000 ALTER TABLE `thongbao` ENABLE KEYS */;
UNLOCK TABLES;
/*!40103 SET TIME_ZONE=@OLD_TIME_ZONE */;

/*!40101 SET SQL_MODE=@OLD_SQL_MODE */;
/*!40014 SET FOREIGN_KEY_CHECKS=@OLD_FOREIGN_KEY_CHECKS */;
/*!40014 SET UNIQUE_CHECKS=@OLD_UNIQUE_CHECKS */;
/*!40101 SET CHARACTER_SET_CLIENT=@OLD_CHARACTER_SET_CLIENT */;
/*!40101 SET CHARACTER_SET_RESULTS=@OLD_CHARACTER_SET_RESULTS */;
/*!40101 SET COLLATION_CONNECTION=@OLD_COLLATION_CONNECTION */;
/*!40111 SET SQL_NOTES=@OLD_SQL_NOTES */;

-- Dump completed on 2015-09-29 16:46:36
